CUSTOMERNAME,SALES
The Sharp Gifts Warehouse,14082.8
Online Diecast Creations Co.,12536.5
Euro Shopping Channel,12001.0
Euro Shopping Channel,11887.8
"UK Collectables, Ltd.",11886.6
Mini Caravy,11739.7
Mini Gifts Distributors Ltd.,11623.7
Mini Wheels Co.,11336.7
Muscle Machine Inc,11279.2
"Dragon Souveniers, Ltd.",10993.5
"Tokyo Collectables, Ltd",10758.0
Suominen Souveniers,10606.2
Danish Wholesale Imports,10468.9
Auto Assoc. & Cie.,10172.7
FunGiftIdeas.com,10066.6
La Rochelle Gifts,10039.6
"Australian Collectors, Co.",9774.03
Lyon Souveniers,9720.0
The Sharp Gifts Warehouse,9661.44
Online Mini Collectables,9631.0
"La Corne D'abondance, Co.",9558.8
"Corrida Auto Replicas, Ltd",9534.5
Mini Gifts Distributors Ltd.,9470.94
"Australian Collectors, Co.",9264.86
Collectables For Less Inc.,9245.76
Collectables For Less Inc.,9240.44
Salzburg Collectables,9240.0
Euro Shopping Channel,9218.16
Mini Gifts Distributors Ltd.,9169.0
L'ordine Souveniers,9160.36
Canadian Gift Exchange Network,9064.89
Mini Caravy,9048.16
Lyon Souveniers,8977.05
"Toms Spezialitten, Ltd",8940.96
Mini Gifts Distributors Ltd.,8935.5
Daedalus Designs Imports,8892.9
Super Scale Inc.,8887.7
Toys4GrownUps.com,8884.8
Baane Mini Imports,8844.12
"Dragon Souveniers, Ltd.",8754.69
Herkku Gifts,8714.7
Danish Wholesale Imports,8690.36
Gift Depot Inc.,8677.8
"UK Collectables, Ltd.",8648.64
"Saveley & Henriot, Co.",8602.92
"Dragon Souveniers, Ltd.",8594.52
Euro Shopping Channel,8498.0
"Anna's Decorations, Ltd",8470.14
Signal Collectibles Ltd.,8448.64
"Australian Collectables, Ltd",8427.02
Amica Models & Co.,8411.56
L'ordine Souveniers,8378.69
CAF Imports,8378.58
Danish Wholesale Imports,8374.69
"Anna's Decorations, Ltd",8344.71
Toys4GrownUps.com,8339.8
Gift Depot Inc.,8336.94
Alpha Cognac,8331.61
Corporate Gift Ideas Co.,8296.35
Euro Shopping Channel,8291.04
Mini Caravy,8289.05
Reims Collectables,8284.0
Herkku Gifts,8272.34
"Clover Collections, Co.",8258.0
Motor Mint Distributors Inc.,8257.0
Corporate Gift Ideas Co.,8254.8
Amica Models & Co.,8253.0
Gift Depot Inc.,8236.75
Vitachrome Inc.,8209.44
"La Corne D'abondance, Co.",8209.44
The Sharp Gifts Warehouse,8160.3
Muscle Machine Inc,8138.76
Salzburg Collectables,8118.55
Mini Gifts Distributors Ltd.,8078.4
Mini Wheels Co.,8065.89
Mini Gifts Distributors Ltd.,8023.29
"Australian Gift Network, Co",8014.82
Amica Models & Co.,8014.82
Mini Gifts Distributors Ltd.,8008.56
Heintze Collectables,7975.44
Euro Shopping Channel,7969.36
Diecast Classics Inc.,7962.24
Souveniers And Things Co.,7956.46
"Toys of Finland, Co.",7947.31
Microscale Inc.,7901.1
Mini Creations Ltd.,7886.2
L'ordine Souveniers,7872.5
Mini Gifts Distributors Ltd.,7827.3
Salzburg Collectables,7737.93
"Norway Gifts By Mail, Co.",7723.5
Salzburg Collectables,7695.6
"Tokyo Collectables, Ltd",7680.64
Diecast Classics Inc.,7667.14
Marseille Mini Autos,7650.0
Mini Classics,7620.5
Marseille Mini Autos,7599.9
Mini Caravy,7597.3
Mini Gifts Distributors Ltd.,7554.8
Tekni Collectables Inc.,7552.28
Tekni Collectables Inc.,7543.75
Euro Shopping Channel,7516.08
Auto Canal Petit,7498.9
Euro Shopping Channel,7492.4
"Norway Gifts By Mail, Co.",7488.04
Cruz & Sons Co.,7483.98
L'ordine Souveniers,7474.5
"La Corne D'abondance, Co.",7460.74
Marta's Replicas Co.,7455.87
Online Diecast Creations Co.,7421.3
Mini Gifts Distributors Ltd.,7397.0
Muscle Machine Inc,7396.8
Classic Legends Inc.,7381.16
"Iberia Gift Imports, Corp.",7381.16
"Classic Gift Ideas, Inc",7379.97
Technics Stores Inc.,7374.1
Muscle Machine Inc,7366.44
Collectable Mini Designs Co.,7343.9
"Corrida Auto Replicas, Ltd",7329.06
"UK Collectables, Ltd.",7310.0
"AV Stores, Co.",7310.0
The Sharp Gifts Warehouse,7307.42
"Blauer See Auto, Co.",7300.51
"Saveley & Henriot, Co.",7290.36
"Toys of Finland, Co.",7264.53
"Blauer See Auto, Co.",7238.28
Super Scale Inc.,7232.16
Corporate Gift Ideas Co.,7209.12
"Volvo Model Replicas, Co",7209.11
Danish Wholesale Imports,7208.0
Vitachrome Inc.,7207.45
Euro Shopping Channel,7182.0
The Sharp Gifts Warehouse,7182.0
"Clover Collections, Co.",7181.44
Danish Wholesale Imports,7169.28
FunGiftIdeas.com,7154.5
Muscle Machine Inc,7146.9
Land of Toys Inc.,7140.76
Scandinavian Gift Ideas,7136.19
Euro Shopping Channel,7132.68
Diecast Classics Inc.,7119.0
"Oulu Toy Supplies, Inc.",7110.91
"Corrida Auto Replicas, Ltd",7110.8
Tekni Collectables Inc.,7084.0
"Oulu Toy Supplies, Inc.",7083.37
"Corrida Auto Replicas, Ltd",7083.0
Tekni Collectables Inc.,7078.23
Mini Gifts Distributors Ltd.,7071.27
Diecast Collectables,7060.24
The Sharp Gifts Warehouse,7048.14
Euro Shopping Channel,7036.89
"Tokyo Collectables, Ltd",7031.52
Lyon Souveniers,7023.98
Vitachrome Inc.,7023.9
Diecast Classics Inc.,7020.64
Handji Gifts& Co,7020.48
"Saveley & Henriot, Co.",7017.76
"Blauer See Auto, Co.",7016.31
Euro Shopping Channel,6996.42
Scandinavian Gift Ideas,6981.0
Land of Toys Inc.,6960.48
Collectable Mini Designs Co.,6954.08
CAF Imports,6952.12
Euro Shopping Channel,6949.67
"Toms Spezialitten, Ltd",6934.62
FunGiftIdeas.com,6930.74
Salzburg Collectables,6916.12
Heintze Collectables,6913.8
La Rochelle Gifts,6901.92
Gift Depot Inc.,6896.75
Super Scale Inc.,6893.81
"Volvo Model Replicas, Co",6876.11
Euro Shopping Channel,6869.05
Marta's Replicas Co.,6863.92
Mini Gifts Distributors Ltd.,6862.94
Mini Caravy,6853.44
Euro Shopping Channel,6847.0
"Australian Collectors, Co.",6834.5
Vitachrome Inc.,6832.02
"Dragon Souveniers, Ltd.",6825.6
Diecast Collectables,6819.04
"Australian Gift Network, Co",6817.22
Petit Auto,6804.63
Mini Gifts Distributors Ltd.,6799.68
"UK Collectables, Ltd.",6773.6
"Volvo Model Replicas, Co",6763.47
Mini Gifts Distributors Ltd.,6763.05
"Vida Sport, Ltd",6761.6
Suominen Souveniers,6756.0
Auto Canal Petit,6749.83
Daedalus Designs Imports,6747.6
Collectables For Less Inc.,6724.0
Muscle Machine Inc,6719.54
Euro Shopping Channel,6712.93
Mini Gifts Distributors Ltd.,6695.53
"Toys of Finland, Co.",6683.34
Marta's Replicas Co.,6680.78
Canadian Gift Exchange Network,6678.0
"Tokyo Collectables, Ltd",6668.24
Diecast Collectables,6658.02
Suominen Souveniers,6576.5
"AV Stores, Co.",6570.76
Euro Shopping Channel,6567.96
Mini Auto Werke,6563.06
Danish Wholesale Imports,6554.24
Euro Shopping Channel,6549.2
"Australian Collectors, Co.",6548.3
Handji Gifts& Co,6541.2
Handji Gifts& Co,6539.04
"Toys of Finland, Co.",6531.44
"Vida Sport, Ltd",6499.32
Euro Shopping Channel,6490.88
Alpha Cognac,6490.68
Marta's Replicas Co.,6484.59
"Australian Collectors, Co.",6483.46
Enaco Distributors,6482.85
"Dragon Souveniers, Ltd.",6467.02
Cambridge Collectables Co.,6463.23
"Australian Collectors, Co.",6454.4
"Norway Gifts By Mail, Co.",6446.7
Mini Classics,6445.46
Diecast Classics Inc.,6437.28
Gift Depot Inc.,6434.4
Motor Mint Distributors Inc.,6434.02
The Sharp Gifts Warehouse,6433.82
Technics Stores Inc.,6433.7
Muscle Machine Inc,6432.64
Mini Gifts Distributors Ltd.,6426.5
"Vida Sport, Ltd",6407.86
Signal Gift Stores,6401.22
Corporate Gift Ideas Co.,6397.44
Auto Assoc. & Cie.,6396.0
Heintze Collectables,6393.54
Scandinavian Gift Ideas,6387.8
"Corrida Auto Replicas, Ltd",6386.94
The Sharp Gifts Warehouse,6386.16
La Rochelle Gifts,6378.72
Euro Shopping Channel,6376.58
"La Corne D'abondance, Co.",6372.6
Reims Collectables,6358.68
Euro Shopping Channel,6357.6
La Rochelle Gifts,6353.27
Danish Wholesale Imports,6350.96
Danish Wholesale Imports,6341.21
Mini Gifts Distributors Ltd.,6336.07
Herkku Gifts,6324.75
Online Diecast Creations Co.,6319.35
Euro Shopping Channel,6311.2
Muscle Machine Inc,6295.95
Suominen Souveniers,6287.66
"Australian Collectors, Co.",6276.46
Royale Belge,6275.72
Vitachrome Inc.,6267.69
"Toms Spezialitten, Ltd",6266.12
Mini Gifts Distributors Ltd.,6244.07
Motor Mint Distributors Inc.,6241.6
Corporate Gift Ideas Co.,6238.84
Quebec Home Shopping Network,6232.0
"Toms Spezialitten, Ltd",6231.91
Corporate Gift Ideas Co.,6231.54
"Tokyo Collectables, Ltd",6214.45
"Australian Collectables, Ltd",6209.25
L'ordine Souveniers,6203.4
"Blauer See Auto, Co.",6203.06
Heintze Collectables,6185.7
Muscle Machine Inc,6182.4
Muscle Machine Inc,6176.42
Euro Shopping Channel,6168.0
"Classic Gift Ideas, Inc",6163.94
Diecast Collectables,6154.18
Heintze Collectables,6153.73
Diecast Collectables,6146.8
Heintze Collectables,6145.44
Royale Belge,6144.6
Souveniers And Things Co.,6134.7
Cruz & Sons Co.,6130.35
Osaka Souveniers Co.,6123.4
Super Scale Inc.,6120.34
Mini Gifts Distributors Ltd.,6109.29
Gifts4AllAges.com,6107.4
Cruz & Sons Co.,6101.0
Euro Shopping Channel,6089.6
Daedalus Designs Imports,6087.94
CAF Imports,6083.0
West Coast Collectables Co.,6075.3
"AV Stores, Co.",6069.0
Land of Toys Inc.,6065.55
The Sharp Gifts Warehouse,6055.72
"Dragon Souveniers, Ltd.",6034.38
Mini Gifts Distributors Ltd.,6034.33
Mini Gifts Distributors Ltd.,6031.68
"Stylish Desk Decors, Co.",6027.75
Gift Depot Inc.,6023.16
"Double Decker Gift Stores, Ltd",6004.8
Online Diecast Creations Co.,6000.4
Collectable Mini Designs Co.,5997.6
"Iberia Gift Imports, Corp.",5984.14
"Dragon Souveniers, Ltd.",5984.14
"Corrida Auto Replicas, Ltd",5981.42
"La Corne D'abondance, Co.",5972.4
"Corrida Auto Replicas, Ltd",5967.0
Mini Gifts Distributors Ltd.,5960.36
Osaka Souveniers Co.,5959.22
Euro Shopping Channel,5958.5
FunGiftIdeas.com,5951.44
Euro Shopping Channel,5951.34
Euro Shopping Channel,5950.34
"AV Stores, Co.",5942.28
"Tokyo Collectables, Ltd",5941.5
Suominen Souveniers,5938.53
"Dragon Souveniers, Ltd.",5938.14
Baane Mini Imports,5932.96
Salzburg Collectables,5926.9
Scandinavian Gift Ideas,5924.16
Super Scale Inc.,5920.4
"Norway Gifts By Mail, Co.",5917.78
"Dragon Souveniers, Ltd.",5911.64
Signal Collectibles Ltd.,5907.5
"Toys of Finland, Co.",5895.05
La Rochelle Gifts,5894.94
"Stylish Desk Decors, Co.",5891.04
Muscle Machine Inc,5890.5
Euro Shopping Channel,5887.35
"Australian Collectors, Co.",5884.65
Handji Gifts& Co,5875.2
Land of Toys Inc.,5868.2
"Tokyo Collectables, Ltd",5862.0
Euro Shopping Channel,5856.85
"Vida Sport, Ltd",5852.52
Reims Collectables,5848.92
"Anna's Decorations, Ltd",5848.68
Auto Canal Petit,5833.8
The Sharp Gifts Warehouse,5820.35
Diecast Classics Inc.,5818.4
"Volvo Model Replicas, Co",5814.86
Gifts4AllAges.com,5808.48
FunGiftIdeas.com,5803.14
Online Diecast Creations Co.,5797.44
"Iberia Gift Imports, Corp.",5795.72
"Royal Canadian Collectables, Ltd.",5795.54
Herkku Gifts,5785.26
Mini Gifts Distributors Ltd.,5780.92
"La Corne D'abondance, Co.",5778.24
Heintze Collectables,5776.26
Danish Wholesale Imports,5774.72
Diecast Classics Inc.,5773.44
Scandinavian Gift Ideas,5763.72
"Saveley & Henriot, Co.",5760.93
Auto Assoc. & Cie.,5759.42
Tekni Collectables Inc.,5756.52
Diecast Collectables,5752.54
"Norway Gifts By Mail, Co.",5747.85
Technics Stores Inc.,5747.5
Muscle Machine Inc,5735.8
Classic Legends Inc.,5723.78
Mini Gifts Distributors Ltd.,5720.75
Osaka Souveniers Co.,5719.5
Motor Mint Distributors Inc.,5715.4
Online Mini Collectables,5713.92
Scandinavian Gift Ideas,5713.79
Mini Gifts Distributors Ltd.,5704.32
FunGiftIdeas.com,5700.09
Handji Gifts& Co,5697.9
Lyon Souveniers,5692.96
Mini Gifts Distributors Ltd.,5691.84
Euro Shopping Channel,5684.65
Classic Legends Inc.,5679.36
"Bavarian Collectables Imports, Co.",5676.84
Auto Canal Petit,5673.58
Euro Shopping Channel,5669.64
giftsbymail.co.uk,5652.94
L'ordine Souveniers,5642.83
Osaka Souveniers Co.,5628.89
Royale Belge,5624.79
"Saveley & Henriot, Co.",5614.56
Mini Gifts Distributors Ltd.,5614.0
Mini Gifts Distributors Ltd.,5605.05
Cambridge Collectables Co.,5600.5
Mini Creations Ltd.,5597.76
"Australian Gift Network, Co",5592.22
"Toms Spezialitten, Ltd",5590.0
Salzburg Collectables,5589.14
Canadian Gift Exchange Network,5581.8
Euro Shopping Channel,5580.96
"Saveley & Henriot, Co.",5579.02
Classic Legends Inc.,5568.64
Diecast Classics Inc.,5566.5
Online Diecast Creations Co.,5566.0
Daedalus Designs Imports,5565.12
Cruz & Sons Co.,5565.12
"Dragon Souveniers, Ltd.",5559.03
Euro Shopping Channel,5554.4
Reims Collectables,5552.16
"UK Collectables, Ltd.",5548.95
"Anna's Decorations, Ltd",5548.9
Mini Gifts Distributors Ltd.,5545.8
Souveniers And Things Co.,5545.76
Euro Shopping Channel,5544.02
Heintze Collectables,5544.0
L'ordine Souveniers,5532.12
"Volvo Model Replicas, Co",5528.04
Royale Belge,5526.45
Osaka Souveniers Co.,5526.32
"Blauer See Auto, Co.",5521.89
Herkku Gifts,5512.32
La Rochelle Gifts,5510.54
West Coast Collectables Co.,5510.05
Suominen Souveniers,5500.44
Euro Shopping Channel,5498.08
"Toms Spezialitten, Ltd",5497.65
Marseille Mini Autos,5494.97
Gift Depot Inc.,5493.12
Mini Gifts Distributors Ltd.,5491.6
Quebec Home Shopping Network,5481.45
Gift Depot Inc.,5465.16
Online Mini Collectables,5464.69
Mini Auto Werke,5464.69
Euro Shopping Channel,5456.4
"Toys of Finland, Co.",5455.76
"Tokyo Collectables, Ltd",5453.0
Petit Auto,5450.59
Cruz & Sons Co.,5448.8
Marta's Replicas Co.,5438.07
Herkku Gifts,5435.64
Mini Gifts Distributors Ltd.,5433.75
"AV Stores, Co.",5433.08
Mini Gifts Distributors Ltd.,5432.7
"Australian Collectors, Co.",5422.39
"Anna's Decorations, Ltd",5418.88
Herkku Gifts,5418.16
Euro Shopping Channel,5417.57
"Oulu Toy Supplies, Inc.",5412.54
Herkku Gifts,5411.07
La Rochelle Gifts,5406.66
Baane Mini Imports,5404.62
Euro Shopping Channel,5399.55
Baane Mini Imports,5398.26
Scandinavian Gift Ideas,5398.08
Euro Shopping Channel,5393.64
Marta's Replicas Co.,5392.8
Alpha Cognac,5386.56
Souveniers And Things Co.,5383.08
Vitachrome Inc.,5379.71
Baane Mini Imports,5377.4
Signal Collectibles Ltd.,5375.4
"Classic Gift Ideas, Inc",5372.57
"Stylish Desk Decors, Co.",5362.83
"Toms Spezialitten, Ltd",5356.8
Corporate Gift Ideas Co.,5355.68
Daedalus Designs Imports,5355.36
Euro Shopping Channel,5348.5
"Dragon Souveniers, Ltd.",5344.5
Euro Shopping Channel,5340.9
Online Diecast Creations Co.,5340.6
Atelier graphique,5331.88
Baane Mini Imports,5325.76
Enaco Distributors,5324.4
La Rochelle Gifts,5318.04
"Royal Canadian Collectables, Ltd.",5316.36
Diecast Classics Inc.,5305.36
Euro Shopping Channel,5302.8
Euro Shopping Channel,5302.72
"UK Collectables, Ltd.",5298.86
Souveniers And Things Co.,5296.5
"Men 'R' US Retailers, Ltd.",5294.14
Scandinavian Gift Ideas,5288.64
"Australian Gift Network, Co",5288.01
"UK Collectables, Ltd.",5287.7
Handji Gifts& Co,5285.62
West Coast Collectables Co.,5285.14
Souveniers And Things Co.,5283.6
Rovelli Gifts,5279.4
Euro Shopping Channel,5278.68
Alpha Cognac,5274.72
Mini Gifts Distributors Ltd.,5273.73
Land of Toys Inc.,5266.04
Cruz & Sons Co.,5265.15
"Vida Sport, Ltd",5260.15
Mini Creations Ltd.,5248.0
Diecast Classics Inc.,5247.18
Scandinavian Gift Ideas,5243.79
Amica Models & Co.,5239.5
Quebec Home Shopping Network,5235.72
Muscle Machine Inc,5232.96
Muscle Machine Inc,5223.48
La Rochelle Gifts,5208.72
Euro Shopping Channel,5207.75
Corporate Gift Ideas Co.,5205.27
Signal Gift Stores,5203.0
Salzburg Collectables,5202.94
"Men 'R' US Retailers, Ltd.",5197.92
L'ordine Souveniers,5196.6
Euro Shopping Channel,5195.85
Toys4GrownUps.com,5192.95
Alpha Cognac,5192.64
Euro Shopping Channel,5191.12
Baane Mini Imports,5190.42
"Dragon Souveniers, Ltd.",5189.78
"UK Collectables, Ltd.",5189.4
"Men 'R' US Retailers, Ltd.",5182.0
"Toys of Finland, Co.",5182.0
Online Mini Collectables,5181.5
"UK Collectables, Ltd.",5177.04
Corporate Gift Ideas Co.,5176.5
Toys4GrownUps.com,5176.38
Auto-Moto Classics Inc.,5171.4
Auto Canal Petit,5168.4
Atelier graphique,5161.2
Mini Classics,5161.17
Mini Gifts Distributors Ltd.,5160.76
Suominen Souveniers,5154.41
West Coast Collectables Co.,5152.0
Online Diecast Creations Co.,5151.0
"UK Collectables, Ltd.",5148.0
Mini Classics,5128.11
Euro Shopping Channel,5127.2
Euro Shopping Channel,5127.04
Amica Models & Co.,5126.24
Reims Collectables,5124.3
"Stylish Desk Decors, Co.",5121.59
Muscle Machine Inc,5110.98
Technics Stores Inc.,5105.14
"Oulu Toy Supplies, Inc.",5098.8
Mini Creations Ltd.,5096.91
Mini Gifts Distributors Ltd.,5093.5
Enaco Distributors,5090.5
Land of Toys Inc.,5082.42
Mini Gifts Distributors Ltd.,5079.96
"AV Stores, Co.",5074.39
Euro Shopping Channel,5069.66
"Vida Sport, Ltd",5052.96
"Clover Collections, Co.",5045.22
Gift Ideas Corp.,5043.87
Rovelli Gifts,5036.16
L'ordine Souveniers,5035.14
"Classic Gift Ideas, Inc",5035.11
"Dragon Souveniers, Ltd.",5032.95
"Clover Collections, Co.",5032.74
"Australian Collectors, Co.",5029.5
Motor Mint Distributors Inc.,5026.56
Petit Auto,5026.4
"Anna's Decorations, Ltd",5019.9
Toys4GrownUps.com,5018.4
Euro Shopping Channel,5017.57
Corporate Gift Ideas Co.,5016.83
"Australian Collectors, Co.",5013.54
Mini Auto Werke,5012.55
Salzburg Collectables,5004.8
Marseille Mini Autos,5004.8
Souveniers And Things Co.,5001.92
"Anna's Decorations, Ltd",4998.0
Tekni Collectables Inc.,4992.61
Classic Legends Inc.,4991.44
Mini Gifts Distributors Ltd.,4985.64
Mini Creations Ltd.,4984.32
Land of Toys Inc.,4983.14
"AV Stores, Co.",4982.7
Souveniers And Things Co.,4977.0
Online Diecast Creations Co.,4965.84
Gift Depot Inc.,4965.24
Euro Shopping Channel,4954.08
Signal Collectibles Ltd.,4950.33
"Australian Collectors, Co.",4948.2
"Iberia Gift Imports, Corp.",4948.2
Euro Shopping Channel,4946.76
Amica Models & Co.,4946.06
Auto-Moto Classics Inc.,4935.28
"Saveley & Henriot, Co.",4933.92
Euro Shopping Channel,4931.6
"Double Decker Gift Stores, Ltd",4918.78
Mini Gifts Distributors Ltd.,4916.66
"UK Collectables, Ltd.",4910.57
"Anna's Decorations, Ltd",4910.4
Euro Shopping Channel,4910.4
Souveniers And Things Co.,4905.39
Euro Shopping Channel,4904.0
Classic Legends Inc.,4900.8
Reims Collectables,4896.7
Mini Gifts Distributors Ltd.,4894.73
Euro Shopping Channel,4894.17
Signal Collectibles Ltd.,4891.68
Mini Gifts Distributors Ltd.,4890.6
Mini Gifts Distributors Ltd.,4884.88
"Dragon Souveniers, Ltd.",4880.02
Handji Gifts& Co,4873.26
Diecast Classics Inc.,4873.05
Gifts4AllAges.com,4872.03
Classic Legends Inc.,4860.24
"Volvo Model Replicas, Co",4850.3
Motor Mint Distributors Inc.,4849.24
Corporate Gift Ideas Co.,4846.7
Technics Stores Inc.,4846.0
Euro Shopping Channel,4840.87
Euro Shopping Channel,4837.18
Suominen Souveniers,4836.5
Technics Stores Inc.,4829.8
Enaco Distributors,4826.25
Tekni Collectables Inc.,4819.26
Mini Wheels Co.,4818.15
Marta's Replicas Co.,4816.08
"La Corne D'abondance, Co.",4815.45
"Australian Collectors, Co.",4815.3
"Australian Collectors, Co.",4814.4
Mini Gifts Distributors Ltd.,4814.25
L'ordine Souveniers,4812.55
Reims Collectables,4811.85
Toys4GrownUps.com,4808.38
Vitachrome Inc.,4808.31
"Corrida Auto Replicas, Ltd",4801.52
Mini Gifts Distributors Ltd.,4797.39
Baane Mini Imports,4791.82
Online Diecast Creations Co.,4784.13
Danish Wholesale Imports,4781.7
Souveniers And Things Co.,4775.08
Rovelli Gifts,4774.86
Cruz & Sons Co.,4774.56
Marta's Replicas Co.,4773.18
Auto Canal Petit,4771.8
"Men 'R' US Retailers, Ltd.",4767.7
L'ordine Souveniers,4764.6
Reims Collectables,4764.48
"La Corne D'abondance, Co.",4758.18
"Vida Sport, Ltd",4756.5
"Toms Spezialitten, Ltd",4753.49
Amica Models & Co.,4750.8
Mini Gifts Distributors Ltd.,4746.28
Mini Gifts Distributors Ltd.,4739.4
"Blauer See Auto, Co.",4737.15
Mini Gifts Distributors Ltd.,4729.36
"Australian Collectors, Co.",4724.91
Super Scale Inc.,4720.0
Mini Gifts Distributors Ltd.,4716.23
"Clover Collections, Co.",4713.6
Auto Canal Petit,4708.44
Mini Gifts Distributors Ltd.,4705.18
Corporate Gift Ideas Co.,4704.0
Toys4GrownUps.com,4703.81
La Rochelle Gifts,4701.88
Daedalus Designs Imports,4695.6
La Rochelle Gifts,4692.6
Online Mini Collectables,4692.6
Scandinavian Gift Ideas,4687.94
Euro Shopping Channel,4684.8
Salzburg Collectables,4682.36
Quebec Home Shopping Network,4680.2
Mini Gifts Distributors Ltd.,4674.8
Salzburg Collectables,4674.72
Signal Gift Stores,4667.86
Handji Gifts& Co,4666.62
"Dragon Souveniers, Ltd.",4661.76
Baane Mini Imports,4660.24
"Australian Collectors, Co.",4651.53
Muscle Machine Inc,4645.72
"Australian Collectables, Ltd",4642.88
Marta's Replicas Co.,4641.48
"Dragon Souveniers, Ltd.",4641.0
"Anna's Decorations, Ltd",4639.25
Collectable Mini Designs Co.,4636.38
Super Scale Inc.,4628.8
"Oulu Toy Supplies, Inc.",4627.92
Corporate Gift Ideas Co.,4618.88
"La Corne D'abondance, Co.",4618.69
Marta's Replicas Co.,4618.32
Euro Shopping Channel,4615.78
giftsbymail.co.uk,4615.68
Auto Assoc. & Cie.,4613.8
Euro Shopping Channel,4609.64
Technics Stores Inc.,4608.0
"Iberia Gift Imports, Corp.",4607.36
Technics Stores Inc.,4601.2
giftsbymail.co.uk,4598.4
Scandinavian Gift Ideas,4597.65
"Corrida Auto Replicas, Ltd",4597.2
Euro Shopping Channel,4595.41
Salzburg Collectables,4594.76
Mini Gifts Distributors Ltd.,4592.61
Super Scale Inc.,4591.72
Collectables For Less Inc.,4581.36
"Norway Gifts By Mail, Co.",4576.95
Canadian Gift Exchange Network,4572.25
Mini Classics,4570.4
Herkku Gifts,4567.98
Danish Wholesale Imports,4566.05
"Vida Sport, Ltd",4564.08
Euro Shopping Channel,4556.99
"Dragon Souveniers, Ltd.",4556.16
West Coast Collectables Co.,4555.92
Land of Toys Inc.,4554.94
"Vida Sport, Ltd",4550.0
Super Scale Inc.,4537.08
Euro Shopping Channel,4536.0
Enaco Distributors,4534.6
"Vida Sport, Ltd",4529.28
Land of Toys Inc.,4528.86
Technics Stores Inc.,4527.72
Muscle Machine Inc,4527.04
"Toys of Finland, Co.",4526.08
"Australian Gift Network, Co",4524.1
Mini Gifts Distributors Ltd.,4521.96
"Vida Sport, Ltd",4517.91
"Iberia Gift Imports, Corp.",4516.22
Collectables For Less Inc.,4514.92
Quebec Home Shopping Network,4512.6
Toys4GrownUps.com,4512.48
Mini Caravy,4509.12
Handji Gifts& Co,4509.08
Auto Assoc. & Cie.,4508.0
Quebec Home Shopping Network,4508.0
Classic Legends Inc.,4498.19
"Tokyo Collectables, Ltd",4496.8
Rovelli Gifts,4492.83
Euro Shopping Channel,4492.36
FunGiftIdeas.com,4489.76
"Australian Gift Network, Co",4480.32
"Oulu Toy Supplies, Inc.",4479.63
Herkku Gifts,4477.32
La Rochelle Gifts,4472.52
Gift Depot Inc.,4472.0
L'ordine Souveniers,4468.4
Salzburg Collectables,4464.24
Lyon Souveniers,4462.2
Baane Mini Imports,4460.82
"UK Collectables, Ltd.",4459.62
Mini Gifts Distributors Ltd.,4457.02
Amica Models & Co.,4455.0
"Saveley & Henriot, Co.",4447.4
"Anna's Decorations, Ltd",4444.92
Gift Ideas Corp.,4444.54
Mini Caravy,4441.5
Motor Mint Distributors Inc.,4432.7
Signal Gift Stores,4431.84
Euro Shopping Channel,4428.0
"Australian Collectors, Co.",4428.0
Quebec Home Shopping Network,4427.73
Gift Ideas Corp.,4427.6
Mini Wheels Co.,4424.16
The Sharp Gifts Warehouse,4421.34
Collectable Mini Designs Co.,4420.32
"Stylish Desk Decors, Co.",4419.89
Petit Auto,4417.38
"Iberia Gift Imports, Corp.",4409.72
Muscle Machine Inc,4408.56
Euro Shopping Channel,4407.5
The Sharp Gifts Warehouse,4407.0
Euro Shopping Channel,4406.4
Cruz & Sons Co.,4405.22
Collectables For Less Inc.,4405.22
Enaco Distributors,4398.9
"Stylish Desk Decors, Co.",4398.24
Land of Toys Inc.,4396.14
Muscle Machine Inc,4394.84
Baane Mini Imports,4394.38
"Anna's Decorations, Ltd",4392.12
Mini Auto Werke,4391.1
Corporate Gift Ideas Co.,4389.12
"Toys of Finland, Co.",4382.16
Suominen Souveniers,4381.25
Reims Collectables,4380.2
Motor Mint Distributors Inc.,4379.18
"AV Stores, Co.",4375.98
Muscle Machine Inc,4368.96
Mini Gifts Distributors Ltd.,4364.82
"Tokyo Collectables, Ltd",4361.4
Diecast Classics Inc.,4358.04
Euro Shopping Channel,4357.5
"Toys of Finland, Co.",4352.76
L'ordine Souveniers,4352.16
Mini Wheels Co.,4351.23
Herkku Gifts,4351.16
Reims Collectables,4346.76
"Saveley & Henriot, Co.",4340.49
"Volvo Model Replicas, Co",4333.29
Danish Wholesale Imports,4330.1
"Australian Gift Network, Co",4328.6
Euro Shopping Channel,4326.8
La Rochelle Gifts,4325.16
Signal Gift Stores,4324.32
Corporate Gift Ideas Co.,4319.76
Mini Gifts Distributors Ltd.,4310.72
"Vida Sport, Ltd",4310.55
Gift Depot Inc.,4307.52
"La Corne D'abondance, Co.",4305.28
Online Mini Collectables,4304.64
Souveniers And Things Co.,4302.08
Mini Gifts Distributors Ltd.,4301.34
Reims Collectables,4301.22
"Saveley & Henriot, Co.",4301.15
"Volvo Model Replicas, Co",4300.5
"Vida Sport, Ltd",4300.32
Corporate Gift Ideas Co.,4299.7
"Vida Sport, Ltd",4297.32
"Bavarian Collectables Imports, Co.",4296.6
Corporate Gift Ideas Co.,4288.2
Petit Auto,4287.5
"Dragon Souveniers, Ltd.",4285.46
Diecast Classics Inc.,4283.01
Souveniers And Things Co.,4277.35
Euro Shopping Channel,4273.29
"Saveley & Henriot, Co.",4263.74
"Saveley & Henriot, Co.",4262.08
Online Diecast Creations Co.,4258.36
Muscle Machine Inc,4256.56
Euro Shopping Channel,4253.2
Vitachrome Inc.,4248.3
Amica Models & Co.,4242.24
Muscle Machine Inc,4242.0
"Toms Spezialitten, Ltd",4237.76
Euro Shopping Channel,4236.14
Baane Mini Imports,4235.0
FunGiftIdeas.com,4232.76
"Anna's Decorations, Ltd",4232.0
Signal Collectibles Ltd.,4230.62
Baane Mini Imports,4228.2
Mini Gifts Distributors Ltd.,4224.0
Mini Gifts Distributors Ltd.,4223.13
Salzburg Collectables,4220.92
Tekni Collectables Inc.,4219.28
Enaco Distributors,4219.2
Reims Collectables,4215.09
La Rochelle Gifts,4215.05
Corporate Gift Ideas Co.,4208.41
Auto Assoc. & Cie.,4208.0
Royale Belge,4207.84
Heintze Collectables,4206.74
Gifts4AllAges.com,4206.5
Euro Shopping Channel,4203.5
"Australian Gift Network, Co",4197.1
Lyon Souveniers,4196.8
Toys4GrownUps.com,4196.07
giftsbymail.co.uk,4195.8
Vitachrome Inc.,4193.28
Diecast Classics Inc.,4191.25
Collectable Mini Designs Co.,4187.22
Euro Shopping Channel,4186.73
Technics Stores Inc.,4183.0
Mini Gifts Distributors Ltd.,4181.44
Technics Stores Inc.,4181.44
Euro Shopping Channel,4180.44
Mini Wheels Co.,4178.85
"Royal Canadian Collectables, Ltd.",4177.49
La Rochelle Gifts,4177.35
"Dragon Souveniers, Ltd.",4175.6
Mini Gifts Distributors Ltd.,4174.92
Mini Gifts Distributors Ltd.,4172.52
Motor Mint Distributors Inc.,4170.69
Muscle Machine Inc,4169.88
"Classic Gift Ideas, Inc",4166.88
L'ordine Souveniers,4165.61
"La Corne D'abondance, Co.",4164.42
Souveniers And Things Co.,4164.12
Collectable Mini Designs Co.,4161.38
Suominen Souveniers,4157.73
Land of Toys Inc.,4157.2
"Toys of Finland, Co.",4157.04
Rovelli Gifts,4156.58
Euro Shopping Channel,4149.07
Euro Shopping Channel,4143.6
Suominen Souveniers,4142.64
"Saveley & Henriot, Co.",4142.58
Euro Shopping Channel,4142.16
"Corrida Auto Replicas, Ltd",4141.33
Quebec Home Shopping Network,4140.23
Salzburg Collectables,4136.0
Super Scale Inc.,4133.64
Corporate Gift Ideas Co.,4132.7
giftsbymail.co.uk,4128.96
Reims Collectables,4121.43
Toys4GrownUps.com,4119.4
Signal Gift Stores,4116.8
Technics Stores Inc.,4114.8
Rovelli Gifts,4114.38
Microscale Inc.,4111.8
Mini Gifts Distributors Ltd.,4107.2
Euro Shopping Channel,4103.46
Motor Mint Distributors Inc.,4102.56
Marseille Mini Autos,4100.99
"Dragon Souveniers, Ltd.",4100.1
Marta's Replicas Co.,4099.68
Souveniers And Things Co.,4094.72
Enaco Distributors,4094.51
Gift Ideas Corp.,4094.5
"Norway Gifts By Mail, Co.",4093.0
Online Diecast Creations Co.,4088.7
Euro Shopping Channel,4086.29
Classic Legends Inc.,4080.72
giftsbymail.co.uk,4080.07
Diecast Collectables,4076.19
Rovelli Gifts,4072.2
Mini Gifts Distributors Ltd.,4071.85
Quebec Home Shopping Network,4071.5
"Bavarian Collectables Imports, Co.",4071.14
Signal Gift Stores,4068.96
Suominen Souveniers,4068.7
"Clover Collections, Co.",4061.76
"La Corne D'abondance, Co.",4059.33
Canadian Gift Exchange Network,4056.36
CAF Imports,4055.04
FunGiftIdeas.com,4052.88
Cruz & Sons Co.,4049.56
Souveniers And Things Co.,4048.0
"Oulu Toy Supplies, Inc.",4046.25
Mini Gifts Distributors Ltd.,4044.04
Mini Classics,4043.96
"Anna's Decorations, Ltd",4042.08
Auto Canal Petit,4040.03
Euro Shopping Channel,4039.26
The Sharp Gifts Warehouse,4038.8
Mini Creations Ltd.,4038.21
Enaco Distributors,4036.04
Mini Auto Werke,4035.96
Handji Gifts& Co,4033.38
Muscle Machine Inc,4032.0
"UK Collectables, Ltd.",4029.38
Mini Wheels Co.,4029.0
"Oulu Toy Supplies, Inc.",4025.6
Rovelli Gifts,4021.53
"Norway Gifts By Mail, Co.",4011.66
Mini Classics,4009.23
Heintze Collectables,4000.26
"Men 'R' US Retailers, Ltd.",3996.4
West Coast Collectables Co.,3989.76
"Toms Spezialitten, Ltd",3988.6
Scandinavian Gift Ideas,3988.6
Boards & Toys Co.,3987.2
Rovelli Gifts,3986.56
"Clover Collections, Co.",3986.5
Petit Auto,3984.96
"Blauer See Auto, Co.",3984.6
Danish Wholesale Imports,3983.5
"Clover Collections, Co.",3983.05
"Oulu Toy Supplies, Inc.",3978.51
"Blauer See Auto, Co.",3974.94
Euro Shopping Channel,3970.56
Canadian Gift Exchange Network,3966.78
Euro Shopping Channel,3966.3
"Australian Collectors, Co.",3965.66
Diecast Collectables,3964.1
Euro Shopping Channel,3962.88
Signal Collectibles Ltd.,3958.5
Auto Assoc. & Cie.,3958.46
Herkku Gifts,3957.05
Euro Shopping Channel,3953.18
Mini Creations Ltd.,3952.83
"Saveley & Henriot, Co.",3949.65
"Anna's Decorations, Ltd",3949.0
Mini Creations Ltd.,3945.96
"Australian Collectors, Co.",3944.7
Mini Gifts Distributors Ltd.,3942.72
Enaco Distributors,3939.5
Lyon Souveniers,3937.7
Diecast Collectables,3937.25
Marta's Replicas Co.,3934.44
Souveniers And Things Co.,3933.93
Euro Shopping Channel,3930.4
Mini Gifts Distributors Ltd.,3928.6
Marseille Mini Autos,3928.2
Online Mini Collectables,3924.6
"UK Collectables, Ltd.",3922.56
"Anna's Decorations, Ltd",3920.88
Baane Mini Imports,3920.0
FunGiftIdeas.com,3918.95
"Tokyo Collectables, Ltd",3918.75
Euro Shopping Channel,3918.53
Online Diecast Creations Co.,3918.46
Gifts4AllAges.com,3913.69
Corporate Gift Ideas Co.,3912.09
"Anna's Decorations, Ltd",3911.49
"Tokyo Collectables, Ltd",3910.53
Enaco Distributors,3910.4
Reims Collectables,3910.32
The Sharp Gifts Warehouse,3909.15
Gifts4AllAges.com,3908.62
"Australian Collectables, Ltd",3907.8
Toys4GrownUps.com,3902.41
Handji Gifts& Co,3900.6
"Stylish Desk Decors, Co.",3899.5
Land of Toys Inc.,3896.49
Collectable Mini Designs Co.,3892.08
Gifts4AllAges.com,3891.81
Mini Creations Ltd.,3891.66
Herkku Gifts,3884.76
Lyon Souveniers,3884.34
Mini Creations Ltd.,3883.74
"Stylish Desk Decors, Co.",3883.11
Scandinavian Gift Ideas,3881.78
"Stylish Desk Decors, Co.",3881.28
Mini Gifts Distributors Ltd.,3881.25
Souveniers And Things Co.,3880.2
Technics Stores Inc.,3877.06
Souveniers And Things Co.,3871.92
Canadian Gift Exchange Network,3871.89
La Rochelle Gifts,3867.08
"Anna's Decorations, Ltd",3866.4
Daedalus Designs Imports,3864.5
"Australian Collectors, Co.",3863.87
"Tokyo Collectables, Ltd",3862.88
Herkku Gifts,3861.75
"Blauer See Auto, Co.",3861.2
"AV Stores, Co.",3859.68
Collectable Mini Designs Co.,3858.75
Euro Shopping Channel,3858.1
"Corrida Auto Replicas, Ltd",3857.0
La Rochelle Gifts,3856.71
Scandinavian Gift Ideas,3855.9
"Double Decker Gift Stores, Ltd",3854.24
Auto-Moto Classics Inc.,3853.6
Land of Toys Inc.,3846.98
Euro Shopping Channel,3846.15
Online Diecast Creations Co.,3845.6
Classic Legends Inc.,3845.1
Osaka Souveniers Co.,3844.0
Euro Shopping Channel,3843.99
Mini Gifts Distributors Ltd.,3843.34
Tekni Collectables Inc.,3843.2
"Toms Spezialitten, Ltd",3840.9
"Stylish Desk Decors, Co.",3838.05
Cambridge Collectables Co.,3838.0
Muscle Machine Inc,3837.24
"Australian Gift Network, Co",3834.38
Salzburg Collectables,3832.64
Land of Toys Inc.,3832.38
"Stylish Desk Decors, Co.",3828.3
Mini Gifts Distributors Ltd.,3823.64
Handji Gifts& Co,3822.92
Mini Gifts Distributors Ltd.,3822.0
Vitachrome Inc.,3820.44
Mini Auto Werke,3819.56
Rovelli Gifts,3815.48
Euro Shopping Channel,3814.64
Scandinavian Gift Ideas,3812.16
"Volvo Model Replicas, Co",3807.68
Super Scale Inc.,3807.12
Mini Gifts Distributors Ltd.,3806.88
Land of Toys Inc.,3802.56
Euro Shopping Channel,3801.6
La Rochelle Gifts,3793.16
Mini Gifts Distributors Ltd.,3791.52
Alpha Cognac,3789.72
Land of Toys Inc.,3789.72
Tekni Collectables Inc.,3788.4
"Blauer See Auto, Co.",3788.4
Mini Caravy,3787.98
"Blauer See Auto, Co.",3786.49
Suominen Souveniers,3784.8
"Blauer See Auto, Co.",3782.0
Mini Gifts Distributors Ltd.,3778.8
"Toys of Finland, Co.",3778.28
La Rochelle Gifts,3777.58
"Blauer See Auto, Co.",3773.38
Euro Shopping Channel,3772.61
Mini Gifts Distributors Ltd.,3765.32
Heintze Collectables,3764.88
Rovelli Gifts,3763.46
Euro Shopping Channel,3761.37
"AV Stores, Co.",3759.04
Atelier graphique,3757.26
Technics Stores Inc.,3756.0
Signal Gift Stores,3754.05
"Dragon Souveniers, Ltd.",3753.9
Toys4GrownUps.com,3751.0
Toys4GrownUps.com,3746.7
Auto Canal Petit,3745.28
Euro Shopping Channel,3735.72
Reims Collectables,3734.72
"Oulu Toy Supplies, Inc.",3734.01
Diecast Classics Inc.,3734.0
FunGiftIdeas.com,3734.0
Gift Ideas Corp.,3733.82
Cruz & Sons Co.,3731.04
The Sharp Gifts Warehouse,3729.39
Mini Caravy,3726.0
"AV Stores, Co.",3724.42
Mini Gifts Distributors Ltd.,3724.23
Euro Shopping Channel,3722.32
"Tokyo Collectables, Ltd",3717.5
Marta's Replicas Co.,3716.88
"Toys of Finland, Co.",3715.2
Reims Collectables,3713.16
"Saveley & Henriot, Co.",3712.8
Mini Gifts Distributors Ltd.,3711.1
Souveniers And Things Co.,3710.98
Online Diecast Creations Co.,3710.9
Euro Shopping Channel,3705.24
giftsbymail.co.uk,3704.13
Amica Models & Co.,3704.05
Collectable Mini Designs Co.,3703.46
Mini Classics,3699.88
Marseille Mini Autos,3693.34
Suominen Souveniers,3686.54
"AV Stores, Co.",3685.95
Microscale Inc.,3684.67
Baane Mini Imports,3680.28
Gift Depot Inc.,3676.76
Osaka Souveniers Co.,3675.86
CAF Imports,3675.63
"Australian Collectables, Ltd",3675.32
"AV Stores, Co.",3670.4
Cruz & Sons Co.,3669.78
Amica Models & Co.,3668.6
L'ordine Souveniers,3667.6
"La Corne D'abondance, Co.",3667.52
"Saveley & Henriot, Co.",3666.96
Mini Classics,3666.08
Technics Stores Inc.,3664.1
Mini Gifts Distributors Ltd.,3662.52
Technics Stores Inc.,3660.93
Herkku Gifts,3660.92
Rovelli Gifts,3659.32
Tekni Collectables Inc.,3659.02
Marta's Replicas Co.,3658.93
Motor Mint Distributors Inc.,3657.8
Handji Gifts& Co,3657.69
Herkku Gifts,3656.0
Euro Shopping Channel,3651.56
Alpha Cognac,3644.75
Salzburg Collectables,3644.12
Euro Shopping Channel,3641.57
"Tokyo Collectables, Ltd",3641.4
"Anna's Decorations, Ltd",3639.44
Corporate Gift Ideas Co.,3638.0
"AV Stores, Co.",3633.4
Mini Creations Ltd.,3630.28
Lyon Souveniers,3630.22
The Sharp Gifts Warehouse,3628.94
"Vida Sport, Ltd",3625.16
"Toys of Finland, Co.",3622.97
La Rochelle Gifts,3619.44
Euro Shopping Channel,3616.64
giftsbymail.co.uk,3615.71
Mini Gifts Distributors Ltd.,3612.43
"Stylish Desk Decors, Co.",3611.16
giftsbymail.co.uk,3609.6
"Australian Collectors, Co.",3608.76
Online Mini Collectables,3608.64
Mini Classics,3608.15
Land of Toys Inc.,3607.56
giftsbymail.co.uk,3606.02
"Corrida Auto Replicas, Ltd",3604.23
La Rochelle Gifts,3602.16
"Double Decker Gift Stores, Ltd",3602.02
"AV Stores, Co.",3600.65
Euro Shopping Channel,3600.24
"Australian Collectors, Co.",3599.75
Scandinavian Gift Ideas,3599.58
"Saveley & Henriot, Co.",3598.99
Marseille Mini Autos,3598.5
"Anna's Decorations, Ltd",3598.22
Suominen Souveniers,3595.62
"Australian Collectors, Co.",3586.43
Salzburg Collectables,3584.25
Marseille Mini Autos,3583.16
L'ordine Souveniers,3581.76
Canadian Gift Exchange Network,3581.4
"Royal Canadian Collectables, Ltd.",3580.88
Auto Assoc. & Cie.,3577.6
Quebec Home Shopping Network,3576.8
"Corrida Auto Replicas, Ltd",3576.12
"UK Collectables, Ltd.",3575.04
giftsbymail.co.uk,3573.6
Mini Gifts Distributors Ltd.,3572.33
Lyon Souveniers,3570.29
Mini Auto Werke,3570.12
"Saveley & Henriot, Co.",3566.94
Euro Shopping Channel,3565.92
Super Scale Inc.,3564.75
"Tokyo Collectables, Ltd",3562.49
Mini Gifts Distributors Ltd.,3560.64
Mini Gifts Distributors Ltd.,3559.64
Auto Canal Petit,3559.4
La Rochelle Gifts,3553.88
"Dragon Souveniers, Ltd.",3551.34
Euro Shopping Channel,3550.05
Online Diecast Creations Co.,3544.56
"Toys of Finland, Co.",3544.2
Souveniers And Things Co.,3544.17
"Stylish Desk Decors, Co.",3543.28
Land of Toys Inc.,3542.64
"Vida Sport, Ltd",3540.53
"Royal Canadian Collectables, Ltd.",3540.15
Mini Auto Werke,3536.82
Mini Gifts Distributors Ltd.,3535.95
Auto Assoc. & Cie.,3535.35
"Men 'R' US Retailers, Ltd.",3535.03
Gifts4AllAges.com,3533.62
West Coast Collectables Co.,3532.23
"Anna's Decorations, Ltd",3528.36
Euro Shopping Channel,3526.82
Euro Shopping Channel,3525.6
"AV Stores, Co.",3525.6
"Vida Sport, Ltd",3524.8
Online Diecast Creations Co.,3524.73
Gift Ideas Corp.,3523.85
Reims Collectables,3521.25
Euro Shopping Channel,3520.6
"Volvo Model Replicas, Co",3519.85
"Vida Sport, Ltd",3516.48
"AV Stores, Co.",3515.7
Gift Ideas Corp.,3515.67
Mini Gifts Distributors Ltd.,3510.0
Rovelli Gifts,3508.8
Petit Auto,3508.8
Toys4GrownUps.com,3501.6
Online Diecast Creations Co.,3500.1
"Iberia Gift Imports, Corp.",3496.32
Collectables For Less Inc.,3494.94
Land of Toys Inc.,3493.91
Mini Classics,3493.7
Alpha Cognac,3492.48
Petit Auto,3491.67
Mini Gifts Distributors Ltd.,3491.18
"Volvo Model Replicas, Co",3491.0
Corporate Gift Ideas Co.,3490.0
"AV Stores, Co.",3488.78
Mini Gifts Distributors Ltd.,3488.34
Cruz & Sons Co.,3485.82
"Toys of Finland, Co.",3482.16
Technics Stores Inc.,3479.76
Euro Shopping Channel,3478.64
Microscale Inc.,3478.05
"Bavarian Collectables Imports, Co.",3477.86
Collectables For Less Inc.,3476.8
Auto Canal Petit,3475.68
Amica Models & Co.,3474.46
Gifts4AllAges.com,3473.78
"AV Stores, Co.",3472.98
Online Mini Collectables,3472.54
"Anna's Decorations, Ltd",3469.5
Danish Wholesale Imports,3469.2
Euro Shopping Channel,3467.2
Euro Shopping Channel,3460.86
Mini Gifts Distributors Ltd.,3458.42
Euro Shopping Channel,3457.92
Mini Creations Ltd.,3455.76
Rovelli Gifts,3452.68
Super Scale Inc.,3451.0
Mini Gifts Distributors Ltd.,3451.0
Mini Gifts Distributors Ltd.,3449.4
"Toms Spezialitten, Ltd",3448.08
Euro Shopping Channel,3447.78
Muscle Machine Inc,3447.0
Petit Auto,3446.0
Mini Creations Ltd.,3442.64
Mini Creations Ltd.,3442.04
Euro Shopping Channel,3441.82
Euro Shopping Channel,3441.37
Danish Wholesale Imports,3440.0
"Classic Gift Ideas, Inc",3433.36
"Vida Sport, Ltd",3432.24
"Australian Collectors, Co.",3431.75
Muscle Machine Inc,3431.7
Technics Stores Inc.,3431.39
Alpha Cognac,3431.25
Gifts4AllAges.com,3427.2
Mini Creations Ltd.,3425.18
"Saveley & Henriot, Co.",3424.7
"Norway Gifts By Mail, Co.",3424.64
Auto-Moto Classics Inc.,3423.75
Rovelli Gifts,3421.04
La Rochelle Gifts,3420.0
"Australian Collectors, Co.",3417.12
Canadian Gift Exchange Network,3416.78
"Corrida Auto Replicas, Ltd",3415.77
"Toms Spezialitten, Ltd",3415.68
Mini Gifts Distributors Ltd.,3415.44
"Toms Spezialitten, Ltd",3414.58
Cambridge Collectables Co.,3406.59
Baane Mini Imports,3403.35
Cruz & Sons Co.,3403.26
Heintze Collectables,3403.12
Microscale Inc.,3403.08
"Oulu Toy Supplies, Inc.",3400.32
"Royal Canadian Collectables, Ltd.",3396.44
Herkku Gifts,3395.48
Baane Mini Imports,3394.98
Euro Shopping Channel,3394.23
"Toys of Finland, Co.",3392.84
"UK Collectables, Ltd.",3392.26
Enaco Distributors,3390.8
"Corrida Auto Replicas, Ltd",3390.2
Online Diecast Creations Co.,3390.0
Gift Depot Inc.,3387.78
Souveniers And Things Co.,3385.9
Diecast Collectables,3384.36
Danish Wholesale Imports,3382.5
"AV Stores, Co.",3382.08
La Rochelle Gifts,3380.69
Handji Gifts& Co,3379.94
Quebec Home Shopping Network,3378.24
Euro Shopping Channel,3376.64
Mini Gifts Distributors Ltd.,3375.72
"UK Collectables, Ltd.",3374.88
Euro Shopping Channel,3374.71
"Stylish Desk Decors, Co.",3374.6
"Royal Canadian Collectables, Ltd.",3372.5
Lyon Souveniers,3370.56
Salzburg Collectables,3368.16
Mini Gifts Distributors Ltd.,3366.0
"Men 'R' US Retailers, Ltd.",3364.9
Scandinavian Gift Ideas,3363.52
Euro Shopping Channel,3361.2
"AV Stores, Co.",3360.45
Cambridge Collectables Co.,3360.0
Euro Shopping Channel,3358.31
Classic Legends Inc.,3358.08
La Rochelle Gifts,3357.49
Euro Shopping Channel,3353.02
Mini Gifts Distributors Ltd.,3351.09
Alpha Cognac,3350.52
Rovelli Gifts,3348.93
"Corrida Auto Replicas, Ltd",3347.74
Mini Gifts Distributors Ltd.,3345.26
Auto Assoc. & Cie.,3342.57
Euro Shopping Channel,3340.51
Euro Shopping Channel,3340.48
Vitachrome Inc.,3338.1
"Dragon Souveniers, Ltd.",3337.6
Daedalus Designs Imports,3336.9
Canadian Gift Exchange Network,3336.29
Gifts4AllAges.com,3335.23
Petit Auto,3334.04
Gifts4AllAges.com,3330.98
Classic Legends Inc.,3329.09
Collectable Mini Designs Co.,3328.07
"Oulu Toy Supplies, Inc.",3327.6
Signal Gift Stores,3325.92
"Classic Gift Ideas, Inc",3323.84
Auto Canal Petit,3317.78
Muscle Machine Inc,3315.12
Rovelli Gifts,3312.97
Euro Shopping Channel,3310.92
Lyon Souveniers,3307.77
Salzburg Collectables,3307.2
FunGiftIdeas.com,3305.25
Gift Ideas Corp.,3302.4
Online Diecast Creations Co.,3300.66
"Classic Gift Ideas, Inc",3298.55
Euro Shopping Channel,3298.4
Reims Collectables,3293.4
Alpha Cognac,3293.24
Euro Shopping Channel,3289.86
Suominen Souveniers,3288.82
Mini Wheels Co.,3288.78
Collectables For Less Inc.,3288.6
Gift Ideas Corp.,3288.4
Mini Classics,3286.49
Herkku Gifts,3286.08
The Sharp Gifts Warehouse,3282.28
Souveniers And Things Co.,3276.13
"Oulu Toy Supplies, Inc.",3275.56
Mini Wheels Co.,3273.93
Lyon Souveniers,3273.9
Rovelli Gifts,3273.6
Salzburg Collectables,3273.27
"Australian Collectors, Co.",3268.0
Enaco Distributors,3267.25
CAF Imports,3266.1
Classic Legends Inc.,3259.92
Motor Mint Distributors Inc.,3257.76
Scandinavian Gift Ideas,3256.96
Gift Depot Inc.,3256.35
Cruz & Sons Co.,3255.36
Gifts4AllAges.com,3255.12
"Australian Collectors, Co.",3254.72
Toys4GrownUps.com,3251.34
Danish Wholesale Imports,3248.7
Collectable Mini Designs Co.,3246.75
"Royal Canadian Collectables, Ltd.",3245.6
Mini Gifts Distributors Ltd.,3245.58
Land of Toys Inc.,3245.4
Technics Stores Inc.,3244.36
Mini Gifts Distributors Ltd.,3241.9
Rovelli Gifts,3241.5
Scandinavian Gift Ideas,3239.62
Mini Gifts Distributors Ltd.,3238.63
Euro Shopping Channel,3236.1
"Vida Sport, Ltd",3235.18
Technics Stores Inc.,3233.49
"AV Stores, Co.",3232.31
Collectable Mini Designs Co.,3231.36
Collectables For Less Inc.,3230.37
Euro Shopping Channel,3227.63
Scandinavian Gift Ideas,3225.06
Baane Mini Imports,3224.31
La Rochelle Gifts,3224.2
"Norway Gifts By Mail, Co.",3223.44
Auto Canal Petit,3222.0
"Saveley & Henriot, Co.",3222.0
"Oulu Toy Supplies, Inc.",3220.1
Canadian Gift Exchange Network,3213.87
Quebec Home Shopping Network,3213.0
FunGiftIdeas.com,3211.38
Danish Wholesale Imports,3209.38
"AV Stores, Co.",3207.4
FunGiftIdeas.com,3207.12
Muscle Machine Inc,3206.32
Danish Wholesale Imports,3204.57
Muscle Machine Inc,3204.0
"AV Stores, Co.",3201.5
Euro Shopping Channel,3199.98
"Australian Collectors, Co.",3199.86
Mini Auto Werke,3195.27
Danish Wholesale Imports,3193.52
Tekni Collectables Inc.,3193.26
"Dragon Souveniers, Ltd.",3191.2
Marta's Replicas Co.,3189.6
Tekni Collectables Inc.,3188.64
"Volvo Model Replicas, Co",3188.12
Technics Stores Inc.,3188.12
Heintze Collectables,3187.8
Souveniers And Things Co.,3186.48
Souveniers And Things Co.,3184.94
"Saveley & Henriot, Co.",3184.8
Muscle Machine Inc,3184.8
Online Mini Collectables,3184.02
Collectable Mini Designs Co.,3183.29
Muscle Machine Inc,3182.97
Cambridge Collectables Co.,3181.53
Muscle Machine Inc,3179.52
Euro Shopping Channel,3177.91
Rovelli Gifts,3177.3
Land of Toys Inc.,3176.0
"Saveley & Henriot, Co.",3172.05
Mini Creations Ltd.,3170.7
Land of Toys Inc.,3170.16
Salzburg Collectables,3169.95
Danish Wholesale Imports,3167.38
"Classic Gift Ideas, Inc",3167.36
Euro Shopping Channel,3167.0
"AV Stores, Co.",3166.84
"Stylish Desk Decors, Co.",3165.5
Mini Gifts Distributors Ltd.,3164.98
La Rochelle Gifts,3164.8
Danish Wholesale Imports,3164.46
Euro Shopping Channel,3164.4
La Rochelle Gifts,3163.65
Land of Toys Inc.,3162.95
"Australian Collectors, Co.",3160.74
"Anna's Decorations, Ltd",3160.25
"Royal Canadian Collectables, Ltd.",3159.96
Signal Gift Stores,3159.75
Motor Mint Distributors Inc.,3157.44
Collectables For Less Inc.,3156.16
Gift Ideas Corp.,3155.58
Vitachrome Inc.,3155.49
Land of Toys Inc.,3155.14
Marta's Replicas Co.,3155.04
Motor Mint Distributors Inc.,3153.6
Handji Gifts& Co,3148.88
Heintze Collectables,3148.2
Gift Ideas Corp.,3146.5
Reims Collectables,3144.96
"Saveley & Henriot, Co.",3142.36
"Australian Collectables, Ltd",3141.6
"La Corne D'abondance, Co.",3141.57
"Corrida Auto Replicas, Ltd",3139.99
The Sharp Gifts Warehouse,3138.34
Motor Mint Distributors Inc.,3135.93
Mini Gifts Distributors Ltd.,3131.94
West Coast Collectables Co.,3131.2
Cruz & Sons Co.,3130.82
"Corrida Auto Replicas, Ltd",3128.92
Suominen Souveniers,3128.65
"Dragon Souveniers, Ltd.",3127.88
"Toms Spezialitten, Ltd",3127.82
Diecast Classics Inc.,3116.43
L'ordine Souveniers,3114.89
"Saveley & Henriot, Co.",3114.4
Vitachrome Inc.,3113.64
Marseille Mini Autos,3112.34
Mini Gifts Distributors Ltd.,3107.61
"Australian Collectables, Ltd",3106.88
Mini Classics,3106.25
"La Corne D'abondance, Co.",3105.62
Euro Shopping Channel,3104.0
Euro Shopping Channel,3102.08
"Toms Spezialitten, Ltd",3100.32
Toys4GrownUps.com,3098.7
Reims Collectables,3098.7
Collectables For Less Inc.,3097.44
Souveniers And Things Co.,3095.4
Auto Canal Petit,3092.6
Toys4GrownUps.com,3091.68
"Royal Canadian Collectables, Ltd.",3091.19
"La Corne D'abondance, Co.",3090.15
Euro Shopping Channel,3087.05
Signal Gift Stores,3081.24
Gifts4AllAges.com,3079.44
"Double Decker Gift Stores, Ltd",3079.44
Motor Mint Distributors Inc.,3078.5
Marta's Replicas Co.,3077.88
Atelier graphique,3073.72
Rovelli Gifts,3073.26
Mini Gifts Distributors Ltd.,3072.96
Mini Gifts Distributors Ltd.,3070.54
CAF Imports,3070.52
"Australian Collectables, Ltd",3070.4
"AV Stores, Co.",3069.0
Mini Gifts Distributors Ltd.,3068.69
"Oulu Toy Supplies, Inc.",3068.55
Salzburg Collectables,3066.7
Salzburg Collectables,3065.78
Danish Wholesale Imports,3065.04
Auto Canal Petit,3064.6
The Sharp Gifts Warehouse,3064.32
The Sharp Gifts Warehouse,3061.0
Handji Gifts& Co,3054.57
"UK Collectables, Ltd.",3054.48
Land of Toys Inc.,3053.7
Euro Shopping Channel,3053.28
Online Diecast Creations Co.,3052.33
Baane Mini Imports,3051.71
The Sharp Gifts Warehouse,3051.3
Mini Gifts Distributors Ltd.,3047.73
Super Scale Inc.,3043.04
"Vida Sport, Ltd",3042.68
Reims Collectables,3042.41
"Vida Sport, Ltd",3039.96
Mini Classics,3037.84
Land of Toys Inc.,3036.6
"Oulu Toy Supplies, Inc.",3036.0
Euro Shopping Channel,3035.88
Toys4GrownUps.com,3033.28
La Rochelle Gifts,3029.19
Gifts4AllAges.com,3029.04
"Dragon Souveniers, Ltd.",3027.84
Mini Wheels Co.,3025.92
Collectable Mini Designs Co.,3025.05
"Oulu Toy Supplies, Inc.",3024.5
Euro Shopping Channel,3023.1
Quebec Home Shopping Network,3021.48
Euro Shopping Channel,3021.0
Euro Shopping Channel,3018.88
FunGiftIdeas.com,3013.97
Mini Gifts Distributors Ltd.,3012.27
"Blauer See Auto, Co.",3011.91
Osaka Souveniers Co.,3009.09
Amica Models & Co.,3006.43
Euro Shopping Channel,3006.12
Mini Wheels Co.,3003.0
Scandinavian Gift Ideas,3003.0
Euro Shopping Channel,3003.0
The Sharp Gifts Warehouse,3002.4
Danish Wholesale Imports,2999.97
"Australian Collectors, Co.",2997.6
Euro Shopping Channel,2994.75
Atelier graphique,2993.5
"Royal Canadian Collectables, Ltd.",2992.0
Euro Shopping Channel,2991.68
"Tokyo Collectables, Ltd",2990.13
Mini Gifts Distributors Ltd.,2986.5
Euro Shopping Channel,2985.84
FunGiftIdeas.com,2984.88
Souveniers And Things Co.,2983.44
Diecast Collectables,2980.6
"AV Stores, Co.",2979.08
Canadian Gift Exchange Network,2973.9
Daedalus Designs Imports,2972.58
Mini Classics,2971.34
"Stylish Desk Decors, Co.",2969.96
Petit Auto,2969.46
The Sharp Gifts Warehouse,2956.8
Collectable Mini Designs Co.,2955.54
Land of Toys Inc.,2954.81
Amica Models & Co.,2954.53
Osaka Souveniers Co.,2953.86
"Saveley & Henriot, Co.",2953.75
Corporate Gift Ideas Co.,2952.0
Rovelli Gifts,2949.12
Euro Shopping Channel,2948.16
"Royal Canadian Collectables, Ltd.",2944.0
Amica Models & Co.,2941.89
Scandinavian Gift Ideas,2940.02
Diecast Classics Inc.,2938.5
Handji Gifts& Co,2936.8
Danish Wholesale Imports,2935.15
L'ordine Souveniers,2935.15
L'ordine Souveniers,2932.08
Suominen Souveniers,2931.98
Land of Toys Inc.,2930.27
Euro Shopping Channel,2928.42
"Men 'R' US Retailers, Ltd.",2927.43
"Toys of Finland, Co.",2925.76
"La Corne D'abondance, Co.",2925.09
Mini Classics,2924.68
Euro Shopping Channel,2924.32
Euro Shopping Channel,2923.2
"Corrida Auto Replicas, Ltd",2921.7
Euro Shopping Channel,2921.62
"Australian Collectors, Co.",2921.28
Mini Creations Ltd.,2919.58
"Toms Spezialitten, Ltd",2916.76
Technics Stores Inc.,2916.2
L'ordine Souveniers,2915.66
Collectable Mini Designs Co.,2914.2
Cruz & Sons Co.,2914.11
Euro Shopping Channel,2913.53
Mini Gifts Distributors Ltd.,2913.3
Land of Toys Inc.,2910.4
"Australian Gift Network, Co",2909.34
Diecast Classics Inc.,2908.35
Collectables For Less Inc.,2906.97
FunGiftIdeas.com,2905.98
Quebec Home Shopping Network,2904.72
La Rochelle Gifts,2904.44
Danish Wholesale Imports,2897.47
Euro Shopping Channel,2896.65
Salzburg Collectables,2896.3
"Tokyo Collectables, Ltd",2893.0
"Tokyo Collectables, Ltd",2891.01
giftsbymail.co.uk,2885.05
"AV Stores, Co.",2884.8
"Oulu Toy Supplies, Inc.",2883.53
Canadian Gift Exchange Network,2881.76
"Toms Spezialitten, Ltd",2880.48
"Volvo Model Replicas, Co",2878.8
Signal Gift Stores,2876.75
Land of Toys Inc.,2875.95
Baane Mini Imports,2873.0
giftsbymail.co.uk,2872.25
Land of Toys Inc.,2871.0
Cambridge Collectables Co.,2866.95
Scandinavian Gift Ideas,2866.26
Euro Shopping Channel,2864.4
La Rochelle Gifts,2864.32
"Vida Sport, Ltd",2864.17
"Double Decker Gift Stores, Ltd",2862.72
Herkku Gifts,2860.76
"Clover Collections, Co.",2856.88
Super Scale Inc.,2856.14
Signal Gift Stores,2856.0
Euro Shopping Channel,2854.75
Motor Mint Distributors Inc.,2852.08
Suominen Souveniers,2851.84
Online Diecast Creations Co.,2851.54
Technics Stores Inc.,2851.54
FunGiftIdeas.com,2851.2
"Dragon Souveniers, Ltd.",2850.82
"Australian Collectors, Co.",2848.86
Mini Gifts Distributors Ltd.,2848.23
"Oulu Toy Supplies, Inc.",2847.0
"Vida Sport, Ltd",2846.63
Cruz & Sons Co.,2846.17
Land of Toys Inc.,2845.75
Land of Toys Inc.,2844.87
Classic Legends Inc.,2843.91
Gift Depot Inc.,2843.61
"Stylish Desk Decors, Co.",2840.48
Osaka Souveniers Co.,2840.0
Euro Shopping Channel,2839.32
Mini Gifts Distributors Ltd.,2838.81
"Saveley & Henriot, Co.",2837.46
Handji Gifts& Co,2834.65
Auto Canal Petit,2832.0
Mini Creations Ltd.,2832.0
The Sharp Gifts Warehouse,2831.54
Handji Gifts& Co,2830.45
Technics Stores Inc.,2829.58
Rovelli Gifts,2828.16
Boards & Toys Co.,2826.27
L'ordine Souveniers,2824.8
Cruz & Sons Co.,2821.66
"Toms Spezialitten, Ltd",2819.88
Amica Models & Co.,2819.28
"Saveley & Henriot, Co.",2818.53
Osaka Souveniers Co.,2818.0
"Men 'R' US Retailers, Ltd.",2817.92
Suominen Souveniers,2817.87
"Tokyo Collectables, Ltd",2816.44
"Anna's Decorations, Ltd",2816.18
Technics Stores Inc.,2814.28
Scandinavian Gift Ideas,2812.8
Reims Collectables,2810.83
"Tokyo Collectables, Ltd",2810.7
"Blauer See Auto, Co.",2807.61
Rovelli Gifts,2807.22
Danish Wholesale Imports,2804.75
"Dragon Souveniers, Ltd.",2804.36
L'ordine Souveniers,2803.2
The Sharp Gifts Warehouse,2803.2
"Australian Gift Network, Co",2802.09
"Blauer See Auto, Co.",2801.4
Amica Models & Co.,2800.08
Euro Shopping Channel,2797.9
Reims Collectables,2797.84
Toys4GrownUps.com,2797.41
Petit Auto,2796.12
"Corrida Auto Replicas, Ltd",2795.86
Mini Wheels Co.,2795.27
"Corrida Auto Replicas, Ltd",2795.27
giftsbymail.co.uk,2795.14
"Norway Gifts By Mail, Co.",2795.13
"Australian Collectors, Co.",2793.86
Euro Shopping Channel,2793.71
"Men 'R' US Retailers, Ltd.",2793.24
Mini Gifts Distributors Ltd.,2793.0
Diecast Classics Inc.,2792.52
"Double Decker Gift Stores, Ltd",2790.45
"Volvo Model Replicas, Co",2789.96
Petit Auto,2784.76
Marta's Replicas Co.,2783.25
Gift Ideas Corp.,2781.66
Euro Shopping Channel,2780.81
"Dragon Souveniers, Ltd.",2780.58
Diecast Classics Inc.,2779.5
Suominen Souveniers,2775.08
Suominen Souveniers,2773.8
Classic Legends Inc.,2770.78
"Australian Collectables, Ltd",2769.89
Reims Collectables,2765.9
Gifts4AllAges.com,2764.88
Technics Stores Inc.,2762.2
Mini Caravy,2762.2
Rovelli Gifts,2762.1
Rovelli Gifts,2761.96
The Sharp Gifts Warehouse,2760.94
Heintze Collectables,2759.75
Rovelli Gifts,2759.31
Toys4GrownUps.com,2758.7
"Tokyo Collectables, Ltd",2756.8
Souveniers And Things Co.,2754.7
Toys4GrownUps.com,2752.6
Alpha Cognac,2748.56
Euro Shopping Channel,2747.8
The Sharp Gifts Warehouse,2747.53
Souveniers And Things Co.,2743.04
CAF Imports,2738.54
giftsbymail.co.uk,2736.36
Marta's Replicas Co.,2733.12
Heintze Collectables,2731.8
Salzburg Collectables,2730.06
Auto Canal Petit,2730.0
"Anna's Decorations, Ltd",2730.0
Rovelli Gifts,2728.03
Handji Gifts& Co,2728.0
Souveniers And Things Co.,2725.47
Corporate Gift Ideas Co.,2723.2
Muscle Machine Inc,2719.8
Collectable Mini Designs Co.,2718.72
Mini Gifts Distributors Ltd.,2714.4
Euro Shopping Channel,2711.88
Euro Shopping Channel,2711.66
Lyon Souveniers,2711.2
Mini Gifts Distributors Ltd.,2708.42
giftsbymail.co.uk,2706.41
Euro Shopping Channel,2702.04
"Anna's Decorations, Ltd",2702.04
"Oulu Toy Supplies, Inc.",2701.92
"Oulu Toy Supplies, Inc.",2701.12
"AV Stores, Co.",2700.0
Euro Shopping Channel,2697.6
Toys4GrownUps.com,2696.96
Euro Shopping Channel,2694.72
Super Scale Inc.,2694.15
Mini Gifts Distributors Ltd.,2694.0
"Classic Gift Ideas, Inc",2692.8
Heintze Collectables,2692.12
Mini Auto Werke,2692.06
Euro Shopping Channel,2691.09
Mini Creations Ltd.,2688.0
Baane Mini Imports,2688.0
Salzburg Collectables,2687.04
"Vida Sport, Ltd",2684.43
"Saveley & Henriot, Co.",2682.96
L'ordine Souveniers,2681.35
Osaka Souveniers Co.,2678.4
"Oulu Toy Supplies, Inc.",2676.72
"Vida Sport, Ltd",2675.13
Rovelli Gifts,2675.05
"Australian Collectors, Co.",2674.9
L'ordine Souveniers,2674.17
Euro Shopping Channel,2673.44
"Anna's Decorations, Ltd",2671.95
Euro Shopping Channel,2670.92
La Rochelle Gifts,2670.65
Canadian Gift Exchange Network,2669.1
Euro Shopping Channel,2668.8
The Sharp Gifts Warehouse,2668.68
Collectable Mini Designs Co.,2659.54
Osaka Souveniers Co.,2658.96
Online Mini Collectables,2658.48
Enaco Distributors,2658.0
Diecast Collectables,2657.76
"Australian Collectors, Co.",2656.94
Mini Classics,2656.29
"Classic Gift Ideas, Inc",2655.12
Mini Gifts Distributors Ltd.,2654.4
Baane Mini Imports,2650.62
"Corrida Auto Replicas, Ltd",2650.56
Mini Gifts Distributors Ltd.,2649.6
"Iberia Gift Imports, Corp.",2647.04
Mini Creations Ltd.,2643.99
"Royal Canadian Collectables, Ltd.",2642.82
Euro Shopping Channel,2642.01
Gifts4AllAges.com,2639.58
Tekni Collectables Inc.,2637.18
Mini Auto Werke,2634.96
Signal Gift Stores,2634.94
Diecast Classics Inc.,2634.28
"Australian Collectors, Co.",2633.78
Land of Toys Inc.,2633.4
Suominen Souveniers,2632.89
The Sharp Gifts Warehouse,2632.28
Auto Assoc. & Cie.,2629.44
Microscale Inc.,2626.8
Gifts4AllAges.com,2626.08
"La Corne D'abondance, Co.",2626.01
Reims Collectables,2624.64
Online Diecast Creations Co.,2624.0
Mini Gifts Distributors Ltd.,2624.0
"Saveley & Henriot, Co.",2622.48
L'ordine Souveniers,2620.8
Euro Shopping Channel,2620.8
"Oulu Toy Supplies, Inc.",2617.85
Souveniers And Things Co.,2617.16
Rovelli Gifts,2616.98
Handji Gifts& Co,2616.0
Reims Collectables,2613.92
Mini Creations Ltd.,2612.48
Mini Creations Ltd.,2611.8
CAF Imports,2611.0
Petit Auto,2610.72
"Australian Collectables, Ltd",2609.88
Collectable Mini Designs Co.,2608.96
"AV Stores, Co.",2606.48
Signal Gift Stores,2604.52
Mini Gifts Distributors Ltd.,2604.25
Collectables For Less Inc.,2603.2
Reims Collectables,2603.04
Mini Gifts Distributors Ltd.,2602.25
Marta's Replicas Co.,2600.26
Mini Gifts Distributors Ltd.,2600.13
"Anna's Decorations, Ltd",2598.82
Microscale Inc.,2598.64
"Stylish Desk Decors, Co.",2598.44
"Toys of Finland, Co.",2597.39
Osaka Souveniers Co.,2592.72
Auto Canal Petit,2591.96
Classic Legends Inc.,2588.04
"Toys of Finland, Co.",2586.88
"Classic Gift Ideas, Inc",2586.64
Diecast Collectables,2585.93
"Australian Collectors, Co.",2584.8
Baane Mini Imports,2583.6
Online Diecast Creations Co.,2583.34
"Royal Canadian Collectables, Ltd.",2580.25
Auto-Moto Classics Inc.,2579.36
Alpha Cognac,2577.6
Gifts4AllAges.com,2576.2
The Sharp Gifts Warehouse,2576.0
La Rochelle Gifts,2575.1
Scandinavian Gift Ideas,2575.04
"AV Stores, Co.",2574.18
Euro Shopping Channel,2573.46
Rovelli Gifts,2571.14
Land of Toys Inc.,2568.24
Souveniers And Things Co.,2567.84
"Stylish Desk Decors, Co.",2562.3
Mini Creations Ltd.,2560.47
Muscle Machine Inc,2559.6
Toys4GrownUps.com,2559.6
Danish Wholesale Imports,2556.18
Cruz & Sons Co.,2546.8
Diecast Collectables,2544.75
Tekni Collectables Inc.,2544.12
La Rochelle Gifts,2542.0
Mini Gifts Distributors Ltd.,2541.59
"Volvo Model Replicas, Co",2539.89
"Australian Collectables, Ltd",2539.84
Baane Mini Imports,2539.5
Enaco Distributors,2538.8
"Dragon Souveniers, Ltd.",2537.64
Herkku Gifts,2535.75
"Australian Collectors, Co.",2534.75
Microscale Inc.,2533.63
Classic Legends Inc.,2530.8
Online Diecast Creations Co.,2530.01
Scandinavian Gift Ideas,2529.36
Euro Shopping Channel,2528.25
Rovelli Gifts,2526.72
L'ordine Souveniers,2526.51
CAF Imports,2526.48
Land of Toys Inc.,2524.86
Daedalus Designs Imports,2521.05
Mini Auto Werke,2520.68
Euro Shopping Channel,2515.32
Daedalus Designs Imports,2514.6
"Toys of Finland, Co.",2513.41
"Corrida Auto Replicas, Ltd",2513.28
Lyon Souveniers,2509.0
Mini Caravy,2508.66
"Toms Spezialitten, Ltd",2504.75
Cambridge Collectables Co.,2504.4
"Oulu Toy Supplies, Inc.",2502.9
Auto-Moto Classics Inc.,2501.98
"AV Stores, Co.",2499.56
Salzburg Collectables,2499.26
"Men 'R' US Retailers, Ltd.",2498.6
Daedalus Designs Imports,2497.77
"Vida Sport, Ltd",2495.5
"Tokyo Collectables, Ltd",2493.12
Signal Gift Stores,2492.88
Technics Stores Inc.,2492.64
"Australian Collectables, Ltd",2491.86
Mini Gifts Distributors Ltd.,2490.5
Enaco Distributors,2488.32
"Classic Gift Ideas, Inc",2488.2
Auto Canal Petit,2488.14
Euro Shopping Channel,2487.45
Euro Shopping Channel,2487.04
Herkku Gifts,2484.6
Baane Mini Imports,2483.04
Diecast Classics Inc.,2482.25
Muscle Machine Inc,2482.11
Heintze Collectables,2481.7
Rovelli Gifts,2481.64
"Australian Collectors, Co.",2480.38
"Australian Collectors, Co.",2479.21
"Royal Canadian Collectables, Ltd.",2477.23
Gift Depot Inc.,2477.21
"Australian Collectors, Co.",2475.27
"Blauer See Auto, Co.",2472.96
Mini Gifts Distributors Ltd.,2472.6
Mini Gifts Distributors Ltd.,2470.86
Marseille Mini Autos,2469.39
"Anna's Decorations, Ltd",2467.9
"Royal Canadian Collectables, Ltd.",2466.7
"Anna's Decorations, Ltd",2464.8
L'ordine Souveniers,2464.77
Euro Shopping Channel,2464.0
"Australian Collectors, Co.",2461.36
Reims Collectables,2460.16
L'ordine Souveniers,2457.18
"Australian Collectables, Ltd",2455.02
L'ordine Souveniers,2454.54
Mini Creations Ltd.,2453.55
CAF Imports,2451.84
L'ordine Souveniers,2448.72
Suominen Souveniers,2447.76
"Iberia Gift Imports, Corp.",2445.6
Canadian Gift Exchange Network,2444.4
Salzburg Collectables,2443.6
La Rochelle Gifts,2443.29
Diecast Classics Inc.,2443.26
"Classic Gift Ideas, Inc",2441.04
"Bavarian Collectables Imports, Co.",2441.04
Auto Assoc. & Cie.,2440.8
Gifts4AllAges.com,2439.99
"Corrida Auto Replicas, Ltd",2439.57
Reims Collectables,2436.78
"Stylish Desk Decors, Co.",2436.72
"UK Collectables, Ltd.",2434.56
Scandinavian Gift Ideas,2431.94
Mini Wheels Co.,2431.77
Mini Gifts Distributors Ltd.,2431.75
Mini Gifts Distributors Ltd.,2430.64
Land of Toys Inc.,2428.48
Euro Shopping Channel,2428.0
"AV Stores, Co.",2427.03
Mini Gifts Distributors Ltd.,2424.0
Gift Depot Inc.,2422.08
Handji Gifts& Co,2419.95
"Australian Collectables, Ltd",2419.62
Amica Models & Co.,2418.24
"Anna's Decorations, Ltd",2416.56
Signal Collectibles Ltd.,2414.72
West Coast Collectables Co.,2413.26
Gifts4AllAges.com,2410.6
Gifts4AllAges.com,2408.7
"Royal Canadian Collectables, Ltd.",2407.68
Rovelli Gifts,2406.36
"UK Collectables, Ltd.",2402.84
"Royal Canadian Collectables, Ltd.",2402.75
Diecast Classics Inc.,2402.07
Euro Shopping Channel,2399.85
La Rochelle Gifts,2399.4
Euro Shopping Channel,2398.72
Euro Shopping Channel,2397.54
Mini Caravy,2397.45
Mini Gifts Distributors Ltd.,2395.8
"Oulu Toy Supplies, Inc.",2394.3
Super Scale Inc.,2390.22
"Double Decker Gift Stores, Ltd",2389.68
Tekni Collectables Inc.,2389.6
"Dragon Souveniers, Ltd.",2384.64
Handji Gifts& Co,2381.04
La Rochelle Gifts,2380.0
Canadian Gift Exchange Network,2366.28
Online Diecast Creations Co.,2364.88
The Sharp Gifts Warehouse,2363.22
"Anna's Decorations, Ltd",2356.25
Mini Wheels Co.,2354.88
"Toys of Finland, Co.",2353.4
La Rochelle Gifts,2353.2
Auto-Moto Classics Inc.,2352.67
Gifts4AllAges.com,2352.59
"Dragon Souveniers, Ltd.",2351.36
Auto Canal Petit,2351.04
Gift Ideas Corp.,2349.9
"Corrida Auto Replicas, Ltd",2349.06
Signal Gift Stores,2348.75
Corporate Gift Ideas Co.,2347.15
Petit Auto,2345.97
Euro Shopping Channel,2344.98
Mini Caravy,2341.71
"Australian Collectables, Ltd",2341.2
"Volvo Model Replicas, Co",2340.0
Heintze Collectables,2339.92
Muscle Machine Inc,2337.75
Heintze Collectables,2337.38
Mini Gifts Distributors Ltd.,2334.99
giftsbymail.co.uk,2333.7
Vitachrome Inc.,2333.12
Handji Gifts& Co,2328.66
Online Diecast Creations Co.,2328.64
Heintze Collectables,2327.15
Land of Toys Inc.,2326.5
Signal Gift Stores,2326.4
Mini Gifts Distributors Ltd.,2323.7
The Sharp Gifts Warehouse,2321.54
Diecast Classics Inc.,2321.46
Marseille Mini Autos,2317.44
Marta's Replicas Co.,2316.0
Boards & Toys Co.,2315.88
"AV Stores, Co.",2315.18
"Corrida Auto Replicas, Ltd",2314.69
Euro Shopping Channel,2314.4
"Saveley & Henriot, Co.",2314.26
Royale Belge,2312.24
Atelier graphique,2311.68
Gift Depot Inc.,2311.02
"Norway Gifts By Mail, Co.",2310.88
"Corrida Auto Replicas, Ltd",2309.58
Osaka Souveniers Co.,2307.24
Enaco Distributors,2307.24
giftsbymail.co.uk,2306.25
Corporate Gift Ideas Co.,2304.45
Alpha Cognac,2301.75
Vitachrome Inc.,2299.0
"Anna's Decorations, Ltd",2298.24
"Anna's Decorations, Ltd",2297.05
giftsbymail.co.uk,2296.84
Classic Legends Inc.,2296.77
Scandinavian Gift Ideas,2296.0
Diecast Collectables,2294.18
"Bavarian Collectables Imports, Co.",2292.8
Souveniers And Things Co.,2288.52
Euro Shopping Channel,2282.28
"Anna's Decorations, Ltd",2282.22
Technics Stores Inc.,2281.91
Lyon Souveniers,2280.96
Collectable Mini Designs Co.,2280.24
Mini Gifts Distributors Ltd.,2279.55
"Australian Collectables, Ltd",2279.0
"Tokyo Collectables, Ltd",2278.53
Marseille Mini Autos,2276.4
Muscle Machine Inc,2275.2
Euro Shopping Channel,2273.7
"Anna's Decorations, Ltd",2269.92
Euro Shopping Channel,2266.56
Mini Gifts Distributors Ltd.,2266.2
"Anna's Decorations, Ltd",2264.32
"AV Stores, Co.",2264.15
Marta's Replicas Co.,2263.28
Signal Gift Stores,2262.96
Euro Shopping Channel,2259.72
Euro Shopping Channel,2257.92
Online Diecast Creations Co.,2257.92
Diecast Classics Inc.,2257.58
"Iberia Gift Imports, Corp.",2255.84
Corporate Gift Ideas Co.,2255.12
Mini Creations Ltd.,2254.98
Euro Shopping Channel,2254.8
"UK Collectables, Ltd.",2254.25
Auto Canal Petit,2254.0
Mini Wheels Co.,2253.68
Online Diecast Creations Co.,2251.04
La Rochelle Gifts,2249.05
Mini Gifts Distributors Ltd.,2246.4
Land of Toys Inc.,2245.8
The Sharp Gifts Warehouse,2245.2
Handji Gifts& Co,2244.9
Euro Shopping Channel,2244.4
Baane Mini Imports,2242.89
"Blauer See Auto, Co.",2242.02
Muscle Machine Inc,2241.45
"Dragon Souveniers, Ltd.",2240.66
Mini Classics,2235.33
"Clover Collections, Co.",2234.4
Souveniers And Things Co.,2233.69
Auto Assoc. & Cie.,2232.62
Euro Shopping Channel,2231.6
Petit Auto,2231.0
"La Corne D'abondance, Co.",2230.41
La Rochelle Gifts,2227.6
"Norway Gifts By Mail, Co.",2226.11
FunGiftIdeas.com,2225.5
Mini Classics,2224.95
"AV Stores, Co.",2223.52
Daedalus Designs Imports,2220.72
"Norway Gifts By Mail, Co.",2219.7
Corporate Gift Ideas Co.,2219.6
Mini Auto Werke,2218.52
Euro Shopping Channel,2218.5
Mini Gifts Distributors Ltd.,2217.15
Land of Toys Inc.,2214.87
"Royal Canadian Collectables, Ltd.",2214.67
Diecast Classics Inc.,2213.4
Euro Shopping Channel,2213.4
Gift Ideas Corp.,2213.38
Mini Gifts Distributors Ltd.,2212.0
Petit Auto,2208.92
"Australian Collectors, Co.",2208.64
"Dragon Souveniers, Ltd.",2207.52
Euro Shopping Channel,2206.6
Euro Shopping Channel,2204.6
"Dragon Souveniers, Ltd.",2204.1
Mini Gifts Distributors Ltd.,2204.1
Quebec Home Shopping Network,2203.75
Marseille Mini Autos,2203.11
Euro Shopping Channel,2202.48
Salzburg Collectables,2201.62
Mini Gifts Distributors Ltd.,2200.0
"Australian Gift Network, Co",2194.22
"Toys of Finland, Co.",2194.17
Marta's Replicas Co.,2192.68
Mini Gifts Distributors Ltd.,2191.2
Souveniers And Things Co.,2189.6
Technics Stores Inc.,2186.89
Euro Shopping Channel,2185.15
Marta's Replicas Co.,2184.38
"Dragon Souveniers, Ltd.",2184.0
Mini Gifts Distributors Ltd.,2183.25
Euro Shopping Channel,2182.44
"Toys of Finland, Co.",2182.05
FunGiftIdeas.com,2181.0
Scandinavian Gift Ideas,2178.54
Herkku Gifts,2177.1
"Stylish Desk Decors, Co.",2174.42
"La Corne D'abondance, Co.",2173.6
The Sharp Gifts Warehouse,2173.6
Collectables For Less Inc.,2172.48
Enaco Distributors,2172.48
"Toms Spezialitten, Ltd",2171.07
Alpha Cognac,2169.9
Corporate Gift Ideas Co.,2169.18
Mini Wheels Co.,2168.54
Reims Collectables,2168.5
Gift Depot Inc.,2167.22
giftsbymail.co.uk,2166.14
"Toms Spezialitten, Ltd",2163.72
Corporate Gift Ideas Co.,2162.16
Euro Shopping Channel,2159.96
Mini Gifts Distributors Ltd.,2154.0
La Rochelle Gifts,2153.76
Mini Creations Ltd.,2152.02
Mini Gifts Distributors Ltd.,2151.82
"UK Collectables, Ltd.",2150.55
Land of Toys Inc.,2150.0
Euro Shopping Channel,2149.74
Handji Gifts& Co,2148.3
Mini Gifts Distributors Ltd.,2147.4
Petit Auto,2146.2
"Men 'R' US Retailers, Ltd.",2145.12
Heintze Collectables,2144.6
Signal Gift Stores,2143.68
"Saveley & Henriot, Co.",2142.66
Online Diecast Creations Co.,2142.35
Collectables For Less Inc.,2142.14
Marseille Mini Autos,2142.0
Suominen Souveniers,2140.11
Amica Models & Co.,2137.05
"Saveley & Henriot, Co.",2136.01
"Anna's Decorations, Ltd",2130.92
Mini Gifts Distributors Ltd.,2130.56
Cruz & Sons Co.,2130.01
Rovelli Gifts,2122.08
"Norway Gifts By Mail, Co.",2120.14
"UK Collectables, Ltd.",2118.54
"Tokyo Collectables, Ltd",2117.75
Canadian Gift Exchange Network,2117.52
FunGiftIdeas.com,2116.5
Alpha Cognac,2116.16
Mini Caravy,2114.58
Souveniers And Things Co.,2113.37
Rovelli Gifts,2112.0
Enaco Distributors,2109.66
Quebec Home Shopping Network,2108.0
"Dragon Souveniers, Ltd.",2104.0
L'ordine Souveniers,2100.82
"Toys of Finland, Co.",2100.56
Land of Toys Inc.,2099.63
"Clover Collections, Co.",2096.32
Quebec Home Shopping Network,2095.45
"Australian Collectors, Co.",2094.67
Mini Caravy,2094.32
Signal Gift Stores,2093.76
Herkku Gifts,2093.44
Mini Gifts Distributors Ltd.,2091.18
Classic Legends Inc.,2087.13
"Volvo Model Replicas, Co",2086.92
Amica Models & Co.,2084.81
"Double Decker Gift Stores, Ltd",2084.75
"Australian Collectors, Co.",2083.2
West Coast Collectables Co.,2082.88
"AV Stores, Co.",2082.85
"Australian Collectors, Co.",2082.49
La Rochelle Gifts,2081.76
"Stylish Desk Decors, Co.",2079.04
Souveniers And Things Co.,2078.28
Euro Shopping Channel,2076.0
"Iberia Gift Imports, Corp.",2071.41
Vitachrome Inc.,2070.9
"Clover Collections, Co.",2069.75
Marseille Mini Autos,2063.06
Danish Wholesale Imports,2062.94
"Norway Gifts By Mail, Co.",2061.12
Cruz & Sons Co.,2060.45
"Tokyo Collectables, Ltd",2060.37
"Royal Canadian Collectables, Ltd.",2059.26
giftsbymail.co.uk,2059.19
Collectables For Less Inc.,2057.4
"Clover Collections, Co.",2056.2
Vitachrome Inc.,2055.74
Land of Toys Inc.,2055.23
Muscle Machine Inc,2054.36
Euro Shopping Channel,2052.0
"AV Stores, Co.",2051.56
Mini Classics,2051.08
La Rochelle Gifts,2046.0
Marseille Mini Autos,2042.88
Danish Wholesale Imports,2038.87
Danish Wholesale Imports,2034.35
"Classic Gift Ideas, Inc",2033.64
Tekni Collectables Inc.,2031.4
Mini Gifts Distributors Ltd.,2030.86
FunGiftIdeas.com,2028.48
Auto Canal Petit,2027.52
Enaco Distributors,2024.8
Reims Collectables,2023.28
"Bavarian Collectables Imports, Co.",2023.14
Danish Wholesale Imports,2022.51
Scandinavian Gift Ideas,2019.84
Cruz & Sons Co.,2019.27
Euro Shopping Channel,2018.72
"Stylish Desk Decors, Co.",2018.58
Salzburg Collectables,2018.56
Osaka Souveniers Co.,2018.4
Tekni Collectables Inc.,2018.31
Heintze Collectables,2013.5
"Dragon Souveniers, Ltd.",2011.8
Baane Mini Imports,2011.1
"Classic Gift Ideas, Inc",2011.02
Mini Caravy,2009.7
CAF Imports,2009.2
Gift Ideas Corp.,2008.44
Mini Gifts Distributors Ltd.,2008.13
Quebec Home Shopping Network,2005.74
Collectables For Less Inc.,2004.77
"Classic Gift Ideas, Inc",2000.77
Gift Depot Inc.,1997.5
"Norway Gifts By Mail, Co.",1994.88
Daedalus Designs Imports,1991.92
Mini Gifts Distributors Ltd.,1991.6
Suominen Souveniers,1988.4
Alpha Cognac,1988.28
"AV Stores, Co.",1987.74
The Sharp Gifts Warehouse,1987.18
giftsbymail.co.uk,1987.02
Osaka Souveniers Co.,1986.8
"Royal Canadian Collectables, Ltd.",1981.65
Tekni Collectables Inc.,1979.6
Collectables For Less Inc.,1978.62
"Men 'R' US Retailers, Ltd.",1974.06
Euro Shopping Channel,1972.11
"Classic Gift Ideas, Inc",1972.0
Technics Stores Inc.,1971.54
"Saveley & Henriot, Co.",1968.3
Salzburg Collectables,1968.12
Daedalus Designs Imports,1964.76
Vitachrome Inc.,1963.6
Euro Shopping Channel,1962.22
"Corrida Auto Replicas, Ltd",1962.09
Salzburg Collectables,1961.28
"Saveley & Henriot, Co.",1960.14
"Oulu Toy Supplies, Inc.",1958.88
Gifts4AllAges.com,1958.84
"Blauer See Auto, Co.",1955.88
Gift Depot Inc.,1951.92
Rovelli Gifts,1948.08
"Norway Gifts By Mail, Co.",1944.54
Mini Wheels Co.,1944.3
Collectable Mini Designs Co.,1942.77
Euro Shopping Channel,1942.15
Muscle Machine Inc,1939.8
"Royal Canadian Collectables, Ltd.",1939.3
"Toms Spezialitten, Ltd",1939.2
Baane Mini Imports,1938.89
Cruz & Sons Co.,1935.09
Mini Gifts Distributors Ltd.,1933.5
Signal Collectibles Ltd.,1931.65
Alpha Cognac,1930.5
"UK Collectables, Ltd.",1930.39
Land of Toys Inc.,1927.45
Amica Models & Co.,1921.92
L'ordine Souveniers,1921.41
Daedalus Designs Imports,1919.4
Mini Classics,1917.84
FunGiftIdeas.com,1916.98
Salzburg Collectables,1916.75
Mini Wheels Co.,1916.64
Canadian Gift Exchange Network,1912.16
Euro Shopping Channel,1910.84
Reims Collectables,1908.72
"Oulu Toy Supplies, Inc.",1908.28
"Australian Collectables, Ltd",1906.5
Online Diecast Creations Co.,1903.22
Reims Collectables,1902.4
Enaco Distributors,1900.36
"Toys of Finland, Co.",1900.26
"Australian Collectors, Co.",1896.66
La Rochelle Gifts,1895.94
Cruz & Sons Co.,1892.1
Gift Ideas Corp.,1891.78
"Oulu Toy Supplies, Inc.",1891.56
FunGiftIdeas.com,1888.95
Canadian Gift Exchange Network,1888.88
"La Corne D'abondance, Co.",1888.26
"Classic Gift Ideas, Inc",1884.0
La Rochelle Gifts,1883.93
"Royal Canadian Collectables, Ltd.",1882.8
Mini Gifts Distributors Ltd.,1880.2
"UK Collectables, Ltd.",1879.92
Corporate Gift Ideas Co.,1879.74
Salzburg Collectables,1878.66
Collectables For Less Inc.,1875.2
Petit Auto,1875.09
Mini Creations Ltd.,1874.05
Scandinavian Gift Ideas,1871.83
The Sharp Gifts Warehouse,1869.48
Quebec Home Shopping Network,1867.32
"Stylish Desk Decors, Co.",1867.0
"Tokyo Collectables, Ltd",1864.8
Mini Gifts Distributors Ltd.,1864.56
"Iberia Gift Imports, Corp.",1863.41
"Bavarian Collectables Imports, Co.",1863.4
Euro Shopping Channel,1863.36
Euro Shopping Channel,1860.53
"Stylish Desk Decors, Co.",1860.0
Euro Shopping Channel,1859.7
"AV Stores, Co.",1859.44
Land of Toys Inc.,1858.0
L'ordine Souveniers,1857.06
Petit Auto,1855.41
Lyon Souveniers,1853.4
Mini Creations Ltd.,1853.32
Mini Creations Ltd.,1851.73
Osaka Souveniers Co.,1851.0
Mini Wheels Co.,1847.0
Scandinavian Gift Ideas,1846.42
Euro Shopping Channel,1845.45
"Volvo Model Replicas, Co",1845.0
Cambridge Collectables Co.,1843.52
"Saveley & Henriot, Co.",1835.98
Mini Gifts Distributors Ltd.,1834.5
Euro Shopping Channel,1834.36
"Toms Spezialitten, Ltd",1832.6
Mini Classics,1831.2
Herkku Gifts,1830.22
Mini Gifts Distributors Ltd.,1828.0
Mini Gifts Distributors Ltd.,1826.96
"Royal Canadian Collectables, Ltd.",1824.72
CAF Imports,1824.0
"Classic Gift Ideas, Inc",1823.42
"Blauer See Auto, Co.",1822.18
FunGiftIdeas.com,1822.17
West Coast Collectables Co.,1820.01
Signal Collectibles Ltd.,1811.4
Scandinavian Gift Ideas,1809.5
Gift Depot Inc.,1808.4
Euro Shopping Channel,1808.4
Mini Classics,1804.44
Mini Creations Ltd.,1804.04
Handji Gifts& Co,1801.94
Mini Wheels Co.,1801.24
Souveniers And Things Co.,1801.2
Mini Gifts Distributors Ltd.,1800.24
Canadian Gift Exchange Network,1797.58
Reims Collectables,1796.34
Auto Assoc. & Cie.,1795.24
La Rochelle Gifts,1791.16
Quebec Home Shopping Network,1790.6
Euro Shopping Channel,1789.4
"Saveley & Henriot, Co.",1788.0
Mini Gifts Distributors Ltd.,1787.56
Mini Gifts Distributors Ltd.,1785.51
Petit Auto,1781.22
Gift Ideas Corp.,1780.4
Euro Shopping Channel,1779.71
"Bavarian Collectables Imports, Co.",1777.6
Cruz & Sons Co.,1777.1
Tekni Collectables Inc.,1774.22
Mini Classics,1771.06
Euro Shopping Channel,1767.43
Motor Mint Distributors Inc.,1765.66
Rovelli Gifts,1765.62
Euro Shopping Channel,1764.75
Osaka Souveniers Co.,1763.86
Corporate Gift Ideas Co.,1762.08
"AV Stores, Co.",1759.2
Euro Shopping Channel,1757.91
Land of Toys Inc.,1755.13
Handji Gifts& Co,1753.2
Heintze Collectables,1753.06
Mini Gifts Distributors Ltd.,1749.79
Mini Creations Ltd.,1747.9
"Australian Collectors, Co.",1747.2
Lyon Souveniers,1746.63
Signal Collectibles Ltd.,1746.6
Cambridge Collectables Co.,1742.5
Mini Gifts Distributors Ltd.,1742.4
Euro Shopping Channel,1742.4
Marseille Mini Autos,1740.9
"Norway Gifts By Mail, Co.",1740.0
Auto Canal Petit,1738.08
Collectables For Less Inc.,1735.92
"Anna's Decorations, Ltd",1735.3
Auto Assoc. & Cie.,1734.48
"Dragon Souveniers, Ltd.",1734.0
Mini Gifts Distributors Ltd.,1732.0
Auto Canal Petit,1731.84
"AV Stores, Co.",1729.65
Vitachrome Inc.,1729.0
Handji Gifts& Co,1729.0
Canadian Gift Exchange Network,1727.1
Marseille Mini Autos,1726.37
Mini Gifts Distributors Ltd.,1724.97
La Rochelle Gifts,1724.82
"AV Stores, Co.",1721.73
Mini Gifts Distributors Ltd.,1717.64
"Australian Collectors, Co.",1716.26
Gift Ideas Corp.,1716.22
Signal Gift Stores,1713.8
"Norway Gifts By Mail, Co.",1713.69
Royale Belge,1711.26
Euro Shopping Channel,1711.22
Diecast Classics Inc.,1710.89
"Anna's Decorations, Ltd",1707.14
Marseille Mini Autos,1707.14
"UK Collectables, Ltd.",1706.8
Euro Shopping Channel,1705.92
Corporate Gift Ideas Co.,1705.41
Euro Shopping Channel,1704.5
Signal Gift Stores,1702.8
Euro Shopping Channel,1701.76
Corporate Gift Ideas Co.,1701.7
Technics Stores Inc.,1701.28
Microscale Inc.,1698.78
"Bavarian Collectables Imports, Co.",1697.3
Petit Auto,1696.82
"Australian Collectors, Co.",1695.96
Daedalus Designs Imports,1695.49
"Anna's Decorations, Ltd",1694.0
"Royal Canadian Collectables, Ltd.",1693.56
Mini Caravy,1690.9
Online Diecast Creations Co.,1689.03
Handji Gifts& Co,1688.43
Motor Mint Distributors Inc.,1687.4
"Blauer See Auto, Co.",1685.42
Mini Gifts Distributors Ltd.,1685.28
La Rochelle Gifts,1682.37
Mini Caravy,1681.46
"Australian Gift Network, Co",1681.35
Auto Assoc. & Cie.,1676.2
Euro Shopping Channel,1674.75
Diecast Classics Inc.,1674.17
"UK Collectables, Ltd.",1672.1
"Bavarian Collectables Imports, Co.",1671.52
"Toys of Finland, Co.",1671.44
"Toys of Finland, Co.",1670.26
"Australian Collectors, Co.",1668.5
Scandinavian Gift Ideas,1668.4
"Anna's Decorations, Ltd",1668.37
La Rochelle Gifts,1668.25
Mini Gifts Distributors Ltd.,1667.4
Euro Shopping Channel,1666.7
Mini Gifts Distributors Ltd.,1666.7
"Clover Collections, Co.",1666.35
Petit Auto,1665.32
Online Mini Collectables,1661.88
Auto-Moto Classics Inc.,1661.22
Baane Mini Imports,1658.88
Rovelli Gifts,1657.76
Euro Shopping Channel,1657.57
Amica Models & Co.,1656.69
"AV Stores, Co.",1654.56
Osaka Souveniers Co.,1649.55
"Norway Gifts By Mail, Co.",1649.28
Marseille Mini Autos,1649.18
Mini Creations Ltd.,1646.19
Toys4GrownUps.com,1645.65
Muscle Machine Inc,1643.12
Euro Shopping Channel,1640.24
Gift Depot Inc.,1639.22
Auto Canal Petit,1638.04
Royale Belge,1637.2
"Australian Gift Network, Co",1632.75
Rovelli Gifts,1630.6
"Corrida Auto Replicas, Ltd",1630.2
Suominen Souveniers,1629.04
Herkku Gifts,1628.0
"Toys of Finland, Co.",1627.92
Herkku Gifts,1626.24
"Oulu Toy Supplies, Inc.",1624.25
Reims Collectables,1623.25
Diecast Collectables,1621.62
giftsbymail.co.uk,1617.38
"Oulu Toy Supplies, Inc.",1611.4
Reims Collectables,1611.4
Euro Shopping Channel,1611.36
"AV Stores, Co.",1608.0
Daedalus Designs Imports,1605.0
Euro Shopping Channel,1596.76
Scandinavian Gift Ideas,1593.2
Lyon Souveniers,1593.02
"AV Stores, Co.",1592.0
"Volvo Model Replicas, Co",1591.98
L'ordine Souveniers,1591.72
Euro Shopping Channel,1587.08
Mini Gifts Distributors Ltd.,1585.36
Signal Gift Stores,1584.8
Rovelli Gifts,1584.66
Herkku Gifts,1578.79
"Classic Gift Ideas, Inc",1576.74
Mini Gifts Distributors Ltd.,1575.96
"Australian Collectors, Co.",1575.6
Euro Shopping Channel,1575.08
Amica Models & Co.,1574.0
Euro Shopping Channel,1570.17
Mini Gifts Distributors Ltd.,1569.75
Rovelli Gifts,1565.85
Souveniers And Things Co.,1561.5
Corporate Gift Ideas Co.,1560.47
"La Corne D'abondance, Co.",1560.44
Auto Assoc. & Cie.,1559.04
Euro Shopping Channel,1558.99
Collectable Mini Designs Co.,1557.72
Amica Models & Co.,1557.36
Euro Shopping Channel,1556.62
"Men 'R' US Retailers, Ltd.",1554.0
Land of Toys Inc.,1553.58
Atelier graphique,1550.72
"Toms Spezialitten, Ltd",1549.8
Daedalus Designs Imports,1545.64
"Anna's Decorations, Ltd",1545.6
Corporate Gift Ideas Co.,1543.3
Heintze Collectables,1541.0
Salzburg Collectables,1539.72
"AV Stores, Co.",1538.55
"Vida Sport, Ltd",1538.46
Marseille Mini Autos,1536.57
Muscle Machine Inc,1535.49
"Anna's Decorations, Ltd",1534.95
"Corrida Auto Replicas, Ltd",1534.72
Signal Gift Stores,1528.58
Auto Canal Petit,1527.8
"Double Decker Gift Stores, Ltd",1522.4
Marta's Replicas Co.,1518.11
Vitachrome Inc.,1517.88
Euro Shopping Channel,1517.54
Signal Gift Stores,1516.62
Alpha Cognac,1514.52
Euro Shopping Channel,1513.54
Marta's Replicas Co.,1510.56
Euro Shopping Channel,1508.5
Land of Toys Inc.,1506.96
Herkku Gifts,1506.96
"Anna's Decorations, Ltd",1506.5
Rovelli Gifts,1504.16
"Saveley & Henriot, Co.",1504.12
Scandinavian Gift Ideas,1502.78
Scandinavian Gift Ideas,1500.98
Danish Wholesale Imports,1500.75
"Dragon Souveniers, Ltd.",1499.1
Signal Collectibles Ltd.,1496.64
"Bavarian Collectables Imports, Co.",1496.25
Rovelli Gifts,1495.26
"Norway Gifts By Mail, Co.",1491.0
Technics Stores Inc.,1490.16
Toys4GrownUps.com,1490.1
Muscle Machine Inc,1489.41
Enaco Distributors,1487.41
Online Mini Collectables,1486.38
giftsbymail.co.uk,1485.8
Danish Wholesale Imports,1484.2
Reims Collectables,1483.02
L'ordine Souveniers,1482.6
The Sharp Gifts Warehouse,1479.84
Handji Gifts& Co,1476.6
Euro Shopping Channel,1476.48
Euro Shopping Channel,1476.28
Baane Mini Imports,1474.66
Quebec Home Shopping Network,1472.62
Scandinavian Gift Ideas,1467.48
Vitachrome Inc.,1466.91
Mini Gifts Distributors Ltd.,1463.7
Toys4GrownUps.com,1463.0
Alpha Cognac,1463.0
"Double Decker Gift Stores, Ltd",1459.92
Rovelli Gifts,1459.6
Salzburg Collectables,1459.6
"Clover Collections, Co.",1457.82
"Australian Collectors, Co.",1454.7
Gift Depot Inc.,1453.84
Souveniers And Things Co.,1451.0
"Double Decker Gift Stores, Ltd",1449.84
Euro Shopping Channel,1449.76
"Royal Canadian Collectables, Ltd.",1449.35
Heintze Collectables,1448.07
"Anna's Decorations, Ltd",1448.0
Corporate Gift Ideas Co.,1442.26
Mini Gifts Distributors Ltd.,1436.76
"Vida Sport, Ltd",1427.4
"Australian Collectables, Ltd",1424.22
Souveniers And Things Co.,1424.0
"Saveley & Henriot, Co.",1423.8
West Coast Collectables Co.,1423.29
giftsbymail.co.uk,1419.84
Danish Wholesale Imports,1419.5
Collectable Mini Designs Co.,1416.39
Mini Gifts Distributors Ltd.,1408.96
L'ordine Souveniers,1408.0
"Tokyo Collectables, Ltd",1405.92
"Blauer See Auto, Co.",1404.0
Euro Shopping Channel,1394.16
Euro Shopping Channel,1386.72
Mini Classics,1385.28
Marseille Mini Autos,1384.46
"Toms Spezialitten, Ltd",1383.03
Amica Models & Co.,1381.05
Euro Shopping Channel,1376.43
L'ordine Souveniers,1373.6
Petit Auto,1372.14
Reims Collectables,1367.48
Vitachrome Inc.,1366.8
Euro Shopping Channel,1364.25
"Vida Sport, Ltd",1359.4
Corporate Gift Ideas Co.,1357.86
Mini Gifts Distributors Ltd.,1357.78
Vitachrome Inc.,1357.72
Cambridge Collectables Co.,1356.4
Euro Shopping Channel,1355.13
L'ordine Souveniers,1352.4
L'ordine Souveniers,1351.08
Euro Shopping Channel,1350.0
Salzburg Collectables,1348.76
Baane Mini Imports,1346.4
Mini Auto Werke,1345.75
Herkku Gifts,1345.68
Collectables For Less Inc.,1340.64
Handji Gifts& Co,1340.46
Euro Shopping Channel,1339.8
Auto Canal Petit,1338.12
Muscle Machine Inc,1336.68
"Iberia Gift Imports, Corp.",1336.44
Euro Shopping Channel,1331.1
Souveniers And Things Co.,1330.35
Souveniers And Things Co.,1329.9
Mini Gifts Distributors Ltd.,1329.4
Signal Gift Stores,1327.79
Mini Gifts Distributors Ltd.,1327.59
"Corrida Auto Replicas, Ltd",1322.16
"Australian Collectors, Co.",1320.8
Corporate Gift Ideas Co.,1320.75
Handji Gifts& Co,1310.96
Reims Collectables,1308.0
"AV Stores, Co.",1307.32
Muscle Machine Inc,1295.97
Reims Collectables,1295.06
Diecast Classics Inc.,1293.75
"Dragon Souveniers, Ltd.",1282.8
Motor Mint Distributors Inc.,1281.56
Quebec Home Shopping Network,1277.64
Toys4GrownUps.com,1267.77
Euro Shopping Channel,1266.1
Collectable Mini Designs Co.,1265.46
"AV Stores, Co.",1264.08
"UK Collectables, Ltd.",1263.84
Mini Auto Werke,1262.8
"Bavarian Collectables Imports, Co.",1259.44
"Tokyo Collectables, Ltd",1257.27
Technics Stores Inc.,1254.83
"Australian Collectables, Ltd",1254.6
Muscle Machine Inc,1249.4
Diecast Collectables,1247.4
Mini Creations Ltd.,1246.44
Mini Gifts Distributors Ltd.,1244.53
"Australian Collectables, Ltd",1244.16
Corporate Gift Ideas Co.,1239.0
"Australian Collectors, Co.",1237.95
Collectables For Less Inc.,1237.88
Vitachrome Inc.,1236.84
FunGiftIdeas.com,1229.51
"Tokyo Collectables, Ltd",1228.2
"Saveley & Henriot, Co.",1226.82
Heintze Collectables,1226.59
Mini Gifts Distributors Ltd.,1225.29
Online Diecast Creations Co.,1224.67
Online Mini Collectables,1224.6
Muscle Machine Inc,1213.8
Souveniers And Things Co.,1210.8
Souveniers And Things Co.,1209.6
Enaco Distributors,1209.59
"Oulu Toy Supplies, Inc.",1209.3
Gifts4AllAges.com,1207.68
Marseille Mini Autos,1207.44
"UK Collectables, Ltd.",1206.9
Signal Gift Stores,1205.59
"Vida Sport, Ltd",1205.04
Classic Legends Inc.,1201.25
Euro Shopping Channel,1199.31
Signal Collectibles Ltd.,1194.84
Gift Depot Inc.,1193.04
giftsbymail.co.uk,1192.56
Baane Mini Imports,1189.98
Euro Shopping Channel,1189.44
"Saveley & Henriot, Co.",1185.3
"Norway Gifts By Mail, Co.",1175.16
Cruz & Sons Co.,1173.15
"Australian Gift Network, Co",1172.6
Land of Toys Inc.,1172.34
Mini Wheels Co.,1167.25
Euro Shopping Channel,1164.4
Rovelli Gifts,1163.05
"Saveley & Henriot, Co.",1161.12
"AV Stores, Co.",1152.58
Mini Gifts Distributors Ltd.,1152.06
"Stylish Desk Decors, Co.",1151.44
Danish Wholesale Imports,1146.5
Technics Stores Inc.,1142.41
Motor Mint Distributors Inc.,1140.48
Mini Gifts Distributors Ltd.,1138.94
Tekni Collectables Inc.,1135.31
Mini Creations Ltd.,1134.0
"Norway Gifts By Mail, Co.",1129.04
The Sharp Gifts Warehouse,1122.4
Canadian Gift Exchange Network,1119.93
West Coast Collectables Co.,1113.6
Rovelli Gifts,1112.94
Toys4GrownUps.com,1109.8
Microscale Inc.,1108.38
Handji Gifts& Co,1106.93
Mini Gifts Distributors Ltd.,1105.25
Euro Shopping Channel,1104.6
Suominen Souveniers,1103.76
Mini Gifts Distributors Ltd.,1093.99
Salzburg Collectables,1092.2
Souveniers And Things Co.,1089.36
Suominen Souveniers,1086.6
Mini Gifts Distributors Ltd.,1085.04
Euro Shopping Channel,1082.1
Collectables For Less Inc.,1066.75
"Tokyo Collectables, Ltd",1063.65
Daedalus Designs Imports,1057.56
The Sharp Gifts Warehouse,1057.29
"Clover Collections, Co.",1056.4
Vitachrome Inc.,1045.98
"Anna's Decorations, Ltd",1035.58
"Dragon Souveniers, Ltd.",1033.41
La Rochelle Gifts,1030.44
Handji Gifts& Co,1030.44
"Toys of Finland, Co.",1013.76
Signal Collectibles Ltd.,1013.48
"Australian Collectables, Ltd",1012.4
Corporate Gift Ideas Co.,1007.14
Signal Gift Stores,995.5
Euro Shopping Channel,990.78
Online Mini Collectables,988.47
Marta's Replicas Co.,981.2
Reims Collectables,977.67
Rovelli Gifts,977.43
Diecast Collectables,974.82
Motor Mint Distributors Inc.,974.1
Mini Creations Ltd.,972.4
Mini Gifts Distributors Ltd.,971.98
"Iberia Gift Imports, Corp.",965.04
"Bavarian Collectables Imports, Co.",948.99
La Rochelle Gifts,935.18
Motor Mint Distributors Inc.,930.9
Euro Shopping Channel,925.3
Online Diecast Creations Co.,917.7
Euro Shopping Channel,913.92
Mini Classics,905.28
"Australian Collectables, Ltd",902.66
"Oulu Toy Supplies, Inc.",891.2
Suominen Souveniers,891.03
Petit Auto,881.4
Gift Ideas Corp.,875.91
Mini Gifts Distributors Ltd.,865.49
"Dragon Souveniers, Ltd.",859.14
Toys4GrownUps.com,856.52
Signal Collectibles Ltd.,846.51
Mini Caravy,845.25
Toys4GrownUps.com,834.67
Lyon Souveniers,828.36
Euro Shopping Channel,820.4
Diecast Classics Inc.,813.2
Handji Gifts& Co,785.64
Euro Shopping Channel,777.0
"Australian Collectables, Ltd",759.46
La Rochelle Gifts,733.11
Euro Shopping Channel,728.4
"La Corne D'abondance, Co.",721.44
Mini Gifts Distributors Ltd.,717.4
"AV Stores, Co.",710.2
Marseille Mini Autos,703.6
Auto Assoc. & Cie.,694.6
"Corrida Auto Replicas, Ltd",683.8
Souveniers And Things Co.,652.35
Gifts4AllAges.com,651.8
Salzburg Collectables,640.05
Amica Models & Co.,577.6
"Tokyo Collectables, Ltd",553.95
The Sharp Gifts Warehouse,541.14
La Rochelle Gifts,482.13
